,Title,Locality,Furnishing,Built_up_area,Lease_type,Available_from,Price,Bathrooms,Balcony,Carpet_area,Gas_Pipeline,Gate_Community,Floor_number,Total_floors,BHK_Number,Property_Title,Locality_area
0,2.5 BHK Flat for Rent,"Tirumanahalli, Bangalore",Semi Furnished,1265,Family / Bachelor / Company,2025-11-25,42006,2,1.0,795.0,1,1,3.0,24.0,2.5,Flat,Tirumanahalli
1,1 BHK Flat for Rent,"BTM Layout, Bangalore",Fully Furnished,700,Family / Bachelor / Company,2025-11-25,28500,1,1.0,600.0,1,1,5.0,7.0,1.0,Flat,BTM Layout
2,2 BHK Flat for Rent,"Mahadevapura, Bangalore",Semi Furnished,1185,Family / Bachelor / Company,2025-11-01,38000,2,1.0,850.0,0,0,3.0,4.0,2.0,Flat,Mahadevapura
3,3 BHK Flat for Rent,"Gunjur Village, Bangalore",Semi Furnished,1655,Family,2025-11-25,65000,3,3.0,1304.0,0,1,26.0,30.0,3.0,Flat,Gunjur Village
4,1 RK Independent House for Rent,"Mahadevapura, Bangalore",Fully Furnished,400,Family / Bachelor,2025-11-25,18000,1,1.0,850.0,0,0,3.0,6.0,1.0,Independent House,Mahadevapura
5,1 BHK Duplex for Rent,"Brookefield, Bangalore",Semi Furnished,700,Family / Bachelor,2025-11-25,32000,1,1.0,650.0,0,0,1.0,6.0,1.0,Duplex,Brookefield
6,1 BHK Flat for Rent,"Thanisandra, Bangalore",Semi Furnished,690,Family / Bachelor / Company,2025-11-25,18000,1,1.0,600.0,0,1,3.0,4.0,1.0,Flat,Thanisandra
7,4 BHK Penthouse for Rent,"Whitefield, Bangalore",Semi Furnished,4400,Family,2025-11-25,160000,4,4.0,4000.0,0,1,18.0,18.0,4.0,Penthouse,Whitefield
8,4 BHK Independent House for Rent,"Cheemasandra, Bangalore",Unfurnished,4000,Family,2026-01-01,90000,5,2.0,3900.0,0,1,1.0,4.0,4.0,Independent House,Cheemasandra
9,3 BHK Flat for Rent,"Narayanapura, Bangalore",Semi Furnished,1350,Family / Bachelor / Company,2025-11-25,50000,3,1.0,850.0,0,0,3.0,6.0,3.0,Flat,Narayanapura
10,1 BHK Independent Builder Floor for Rent,"Muneshwara Nagar, Bangalore",Semi Furnished,600,Family / Bachelor,2025-11-25,18000,1,1.0,500.0,0,0,3.0,4.0,1.0,Independent Builder Floor,Muneshwara Nagar
11,1 BHK Flat for Rent,"Munnekollal, Bangalore",Semi Furnished,600,Family / Bachelor,2025-11-25,18000,1,1.0,850.0,0,0,5.0,6.0,1.0,Flat,Munnekollal
12,2 BHK Flat for Rent,"Doddanekundi, Bangalore",Unfurnished,1250,Family / Bachelor / Company,2025-11-25,32000,2,2.0,1249.0,0,1,4.0,5.0,2.0,Flat,Doddanekundi
13,2 BHK Independent Builder Floor for Rent,"Bommanahalli, Bangalore",Semi Furnished,600,Family / Bachelor / Company,2025-11-25,22999,2,1.0,550.0,0,0,2.0,5.0,2.0,Independent Builder Floor,Bommanahalli
14,1 BHK Independent Builder Floor for Rent,"HSR Layout, Bangalore",Semi Furnished,600,Family / Bachelor,2025-11-25,38000,1,1.0,850.0,0,0,1.0,5.0,1.0,Independent Builder Floor,HSR Layout
15,2 BHK Flat for Rent,"Gunjur Village, Bangalore",Semi Furnished,980,Family / Bachelor,2025-11-25,40000,2,1.0,900.0,0,1,1.0,5.0,2.0,Flat,Gunjur Village
16,2 BHK Flat for Rent,"Varthur, Bangalore",Semi Furnished,1102,Family / Bachelor / Company,2025-11-25,45000,2,1.0,850.0,1,1,13.0,26.0,2.0,Flat,Varthur
17,1 BHK Flat for Rent,"Hebbal Kempapura, Byatarayanapura CMC And OG Part",Semi Furnished,600,Family / Bachelor,2025-11-25,17000,1,1.0,550.0,0,0,1.0,5.0,1.0,Flat,"Hebbal Kempapura, Byatarayanapura CMC And OG Part"
18,4 BHK Flat for Rent,"Nagavara, Bangalore",Semi Furnished,2980,Family / Company,2025-11-25,100000,4,1.0,1890.0,0,1,12.0,34.0,4.0,Flat,Nagavara
19,3 BHK Flat for Rent,"Narayanapura, Bangalore",Semi Furnished,1300,Family,2025-11-25,37100,3,1.0,1250.0,0,1,1.0,4.0,3.0,Flat,Narayanapura
20,1 BHK Flat for Rent,"Uttarahalli -Manavarthekaval, Bangalore",Semi Furnished,584,Family / Bachelor / Company,2025-11-25,22500,1,1.0,572.0,0,1,12.0,14.0,1.0,Flat,Uttarahalli -Manavarthekaval
21,1 BHK Flat for Rent,"Kadugodi, Bangalore",Semi Furnished,750,Family / Bachelor,2025-11-25,20000,1,1.0,650.0,0,1,1.0,6.0,1.0,Flat,Kadugodi
22,1 RK Studio for Rent,"BTM Layout, Bangalore",Fully Furnished,450,Family / Bachelor / Company,2025-11-25,15000,1,1.0,400.0,0,1,3.0,6.0,1.0,Studio,BTM Layout
23,2 BHK Flat for Rent,"Choodasandra, Bangalore",Semi Furnished,1200,Family / Bachelor,2026-10-01,42100,2,1.0,1100.0,1,1,3.0,6.0,2.0,Flat,Choodasandra
24,4 BHK Flat for Rent,"Chokkanahalli, Bangalore",Semi Furnished,3000,Family / Bachelor,2025-11-25,85000,4,3.0,850.0,0,1,4.0,16.0,4.0,Flat,Chokkanahalli
25,1 BHK Flat for Rent,"Brookefield, Bangalore",Semi Furnished,600,Family / Bachelor,2025-11-25,24000,1,1.0,550.0,0,0,3.0,5.0,1.0,Flat,Brookefield
26,3 BHK Independent Builder Floor for Rent,"HSR Layout, Bangalore",Semi Furnished,2400,Family / Bachelor,2025-11-01,80000,3,1.0,2000.0,1,0,1.0,3.0,3.0,Independent Builder Floor,HSR Layout
27,3 BHK Flat for Rent,"Whitefield, Bangalore",Fully Furnished,1500,Family / Bachelor,2025-11-25,65000,2,2.0,850.0,1,1,2.0,4.0,3.0,Flat,Whitefield
28,1.5 BHK Flat for Rent,"Varthur, Bangalore",Semi Furnished,640,Family / Bachelor,2025-12-01,36500,1,1.0,484.0,1,1,25.0,26.0,1.5,Flat,Varthur
29,1 BHK Independent House for Rent,"Bettadasanapura, Bangalore",Semi Furnished,620,Family / Bachelor / Company,2025-11-25,15100,1,1.0,600.0,0,0,3.0,6.0,1.0,Independent House,Bettadasanapura
30,1 BHK Flat for Rent,"Chinnapanna Halli, Bangalore",Semi Furnished,650,Family / Bachelor,2025-11-25,25000,1,1.0,600.0,0,0,4.0,6.0,1.0,Flat,Chinnapanna Halli
31,1 BHK Flat for Rent,"Chinnapanna Halli, Bangalore",Semi Furnished,700,Family,2025-11-25,30000,1,2.0,650.0,0,0,3.0,6.0,1.0,Flat,Chinnapanna Halli
32,1 BHK Flat for Rent,"Munnekollal, Bangalore",Semi Furnished,650,Family / Bachelor,2025-11-25,22000,1,1.0,600.0,0,0,4.0,6.0,1.0,Flat,Munnekollal
33,1 BHK Flat for Rent,"Bellandur, Bangalore",Semi Furnished,650,Family / Bachelor,2025-11-25,26000,1,1.0,600.0,0,0,5.0,5.0,1.0,Flat,Bellandur
34,1 BHK Flat for Rent,"Brookefield, Bangalore",Semi Furnished,650,Family / Bachelor,2025-11-25,30000,1,1.0,600.0,0,0,3.0,6.0,1.0,Flat,Brookefield
35,1 BHK Flat for Rent,"Thanisandra, Bangalore",Semi Furnished,690,Family / Bachelor / Company,2025-11-25,18000,1,1.0,600.0,0,1,3.0,4.0,1.0,Flat,Thanisandra
36,4 BHK Penthouse for Rent,"Whitefield, Bangalore",Semi Furnished,4400,Family,2025-11-25,160000,4,4.0,4000.0,0,1,18.0,18.0,4.0,Penthouse,Whitefield
37,3 BHK Flat for Rent,"Gunjur Village, Bangalore",Fully Furnished,1655,Family / Bachelor,2025-11-25,70000,3,2.0,1490.0,0,1,25.0,26.0,3.0,Flat,Gunjur Village
38,2 BHK Flat for Rent,"Bommanahalli, Bangalore",Semi Furnished,1000,Family,2025-11-25,21000,2,1.0,900.0,0,0,2.0,4.0,2.0,Flat,Bommanahalli
39,3 BHK Flat for Rent,"Volagerekallahalli, Bangalore",Semi Furnished,1898,Family,2025-11-25,50000,4,2.0,1710.0,0,1,19.0,29.0,3.0,Flat,Volagerekallahalli
40,4 BHK Villa for Rent,"Dommasandra, Bangalore",Semi Furnished,1716,Family,2025-11-25,32000,4,2.0,1545.0,0,1,3.0,6.0,4.0,Villa,Dommasandra
41,1 BHK Independent Builder Floor for Rent,"Muneshwara Nagar, Bangalore",Semi Furnished,600,Family / Bachelor,2025-11-25,18000,1,1.0,500.0,0,0,3.0,4.0,1.0,Independent Builder Floor,Muneshwara Nagar
42,2 BHK Flat for Rent,"Electronic City, Bangalore",Semi Furnished,1201,Family / Bachelor,2025-11-25,23000,2,1.0,1080.0,0,0,1.0,5.0,2.0,Flat,Electronic City
43,1 BHK Flat for Rent,"Munnekollal, Bangalore",Semi Furnished,600,Family / Bachelor,2025-11-25,18000,1,1.0,850.0,0,0,5.0,6.0,1.0,Flat,Munnekollal
44,2 BHK Independent Builder Floor for Rent,"HSR Layout, Bangalore",Semi Furnished,1200,Family / Bachelor,2025-11-25,35000,2,1.0,1100.0,0,0,2.0,4.0,2.0,Independent Builder Floor,HSR Layout
45,3 BHK Flat for Rent,"Electronic City, Bangalore",Fully Furnished,1193,Family / Bachelor,2025-11-25,44000,2,2.0,1075.0,0,1,1.0,5.0,3.0,Flat,Electronic City
46,3 BHK Flat for Rent,"Begur, Bangalore",Fully Furnished,1543,Family / Bachelor,2025-11-25,42000,3,2.0,1390.0,0,1,5.0,11.0,3.0,Flat,Begur
47,4 BHK Duplex for Rent,"HSR Layout, Bangalore",Fully Furnished,6005,Family,2025-11-25,390000,5,2.0,5400.0,0,0,3.0,6.0,4.0,Duplex,HSR Layout
48,2 BHK Flat for Rent,"Doddanekundi, Bangalore",Unfurnished,1250,Family / Bachelor / Company,2025-11-25,32000,2,2.0,1249.0,0,1,4.0,5.0,2.0,Flat,Doddanekundi
49,2 BHK Flat for Rent,"Hulimavu, Bangalore",Fully Furnished,1022,Family,2025-11-25,30000,2,1.0,920.0,0,1,2.0,3.0,2.0,Flat,Hulimavu
50,2 BHK Independent Builder Floor for Rent,"Bommanahalli, Bangalore",Semi Furnished,600,Family / Bachelor / Company,2025-11-25,22999,2,1.0,550.0,0,0,2.0,5.0,2.0,Independent Builder Floor,Bommanahalli
51,2 BHK Independent Builder Floor for Rent,"Bommanahalli, Bangalore",Semi Furnished,600,Family / Bachelor / Company,2025-11-25,22995,2,1.0,550.0,0,0,3.0,5.0,2.0,Independent Builder Floor,Bommanahalli
52,2 BHK Flat for Rent,"Whitefield, Bangalore",Semi Furnished,1250,Family,2025-11-25,35000,2,1.0,1200.0,0,0,4.0,6.0,2.0,Flat,Whitefield
53,1 BHK Independent Builder Floor for Rent,"HSR Layout, Bangalore",Semi Furnished,600,Family / Bachelor,2025-11-25,38000,1,1.0,850.0,0,0,1.0,5.0,1.0,Independent Builder Floor,HSR Layout
54,3 BHK Flat for Rent,"Jakkur, Bangalore",Semi Furnished,1650,Family,2025-11-25,38000,3,2.0,1455.0,1,1,2.0,3.0,3.0,Flat,Jakkur
55,2 BHK Flat for Rent,"Allalasandra, Bangalore",Semi Furnished,1230,Family / Bachelor / Company,2025-11-25,28000,2,2.0,1150.0,0,1,1.0,4.0,2.0,Flat,Allalasandra
56,1 BHK Flat for Rent,"R.K. Hegde Nagar, Bangalore",Semi Furnished,585,Family / Bachelor,2025-11-25,16000,1,1.0,510.0,0,0,3.0,6.0,1.0,Flat,R.K. Hegde Nagar
57,2 BHK Flat for Rent,"Gunjur Village, Bangalore",Semi Furnished,980,Family / Bachelor,2025-11-25,40000,2,1.0,900.0,0,1,1.0,5.0,2.0,Flat,Gunjur Village
58,2 BHK Flat for Rent,"Varthur, Bangalore",Semi Furnished,1102,Family / Bachelor / Company,2025-11-25,45000,2,1.0,850.0,1,1,13.0,26.0,2.0,Flat,Varthur
59,2 BHK Flat for Rent,"Carmelaram, Bangalore",Fully Furnished,1000,Family,2025-11-25,50000,2,1.0,936.0,1,1,7.0,12.0,2.0,Flat,Carmelaram
60,1 BHK Independent Builder Floor for Rent,"BTM Layout, Bangalore",Semi Furnished,1200,Family / Bachelor / Company,2025-11-25,21999,1,1.0,450.0,0,0,3.0,5.0,1.0,Independent Builder Floor,BTM Layout
61,1 BHK Independent Builder Floor for Rent,"BTM Layout, Bangalore",Semi Furnished,1000,Family / Bachelor / Company,2025-11-25,22999,1,1.0,500.0,0,0,4.0,5.0,1.0,Independent Builder Floor,BTM Layout
62,1 BHK Independent Builder Floor for Rent,"BTM Layout, Bangalore",Fully Furnished,550,Family / Bachelor / Company,2025-11-25,23999,1,1.0,500.0,0,0,3.0,5.0,1.0,Independent Builder Floor,BTM Layout
63,1 BHK Flat for Rent,"BTM Layout, Bangalore",Fully Furnished,1000,Family / Bachelor / Company,2025-11-25,24999,1,1.0,450.0,0,0,3.0,5.0,1.0,Flat,BTM Layout
64,1 BHK Flat for Rent,"Hebbal Kempapura, Byatarayanapura CMC And OG Part",Semi Furnished,600,Family / Bachelor,2025-11-25,17000,1,1.0,550.0,0,0,1.0,5.0,1.0,Flat,"Hebbal Kempapura, Byatarayanapura CMC And OG Part"
65,1 BHK Independent House for Rent,"Mahadevapura, Bangalore",Semi Furnished,400,Family / Bachelor,2025-11-25,17000,1,1.0,850.0,0,0,3.0,6.0,1.0,Independent House,Mahadevapura
66,2 BHK Flat for Rent,"Bellandur, Bangalore",Fully Furnished,1043,Family / Bachelor,2025-11-25,39000,2,1.0,903.0,0,1,3.0,5.0,2.0,Flat,Bellandur
67,1 BHK Independent Builder Floor for Rent,"BTM Layout, Bangalore",Fully Furnished,999,Family / Bachelor / Company,2025-11-25,24999,1,1.0,500.0,0,0,3.0,6.0,1.0,Independent Builder Floor,BTM Layout
68,2 BHK Flat for Rent,"Narayanapura, Bangalore",Semi Furnished,1000,Family / Bachelor,2025-11-25,21000,2,1.0,900.0,1,1,1.0,3.0,2.0,Flat,Narayanapura
69,4 BHK Flat for Rent,"Nagavara, Bangalore",Semi Furnished,2980,Family / Company,2025-11-25,100000,4,1.0,1890.0,0,1,12.0,34.0,4.0,Flat,Nagavara
70,2 BHK Flat for Rent,"Thanisandra, Bangalore",Semi Furnished,1009,Family / Company,2025-11-25,35000,2,2.0,627.0,1,1,12.0,23.0,2.0,Flat,Thanisandra
71,2 BHK Flat for Rent,"Kothanur, Bangalore",Semi Furnished,1000,Family / Bachelor,2025-11-25,25000,2,1.0,900.0,1,1,1.0,4.0,2.0,Flat,Kothanur
72,2 BHK Flat for Rent,"Thanisandra, Bangalore",Semi Furnished,1009,Family / Company,2025-11-25,32000,2,2.0,627.0,1,1,9.0,23.0,2.0,Flat,Thanisandra
73,3 BHK Flat for Rent,"Narayanapura, Bangalore",Semi Furnished,1300,Family,2025-11-25,37100,3,1.0,1250.0,0,1,1.0,4.0,3.0,Flat,Narayanapura
74,2 BHK Flat for Rent,"Bellandur, Bangalore",Semi Furnished,1100,Family / Bachelor / Company,2025-11-25,37000,2,2.0,900.0,0,0,3.0,4.0,2.0,Flat,Bellandur
75,1 BHK Flat for Rent,"Uttarahalli -Manavarthekaval, Bangalore",Semi Furnished,584,Family / Bachelor / Company,2025-11-25,22500,1,1.0,572.0,0,1,12.0,14.0,1.0,Flat,Uttarahalli -Manavarthekaval
76,1 BHK Flat for Rent,"Kadugodi, Bangalore",Semi Furnished,750,Family / Bachelor,2025-11-25,20000,1,1.0,650.0,0,1,1.0,6.0,1.0,Flat,Kadugodi
77,3 BHK Flat for Rent,"Thanisandra, Bangalore",Fully Furnished,2100,Family / Company,2025-11-25,65000,3,2.0,1409.0,1,1,9.0,23.0,3.0,Flat,Thanisandra
78,2 BHK Independent Builder Floor for Rent,"HSR Layout, Bangalore",Semi Furnished,1200,Family / Bachelor,2025-11-25,61000,2,1.0,1100.0,0,0,1.0,4.0,2.0,Independent Builder Floor,HSR Layout
79,1 RK Studio for Rent,"BTM Layout, Bangalore",Fully Furnished,450,Family / Bachelor / Company,2025-11-25,15000,1,1.0,400.0,0,1,3.0,6.0,1.0,Studio,BTM Layout
80,3.5 BHK Villa for Rent,"Anagalapura, Bangalore",Semi Furnished,3544,Family / Company,2025-11-25,110000,3,2.0,3000.0,0,1,3.0,6.0,3.5,Villa,Anagalapura
81,2 BHK Flat for Rent,"Choodasandra, Bangalore",Semi Furnished,1200,Family / Bachelor,2026-10-01,42100,2,1.0,1100.0,1,1,3.0,6.0,2.0,Flat,Choodasandra
82,3 BHK Villa for Rent,"Anagalapura, Bangalore",Semi Furnished,2400,Family / Company,2025-11-25,69000,3,2.0,1800.0,0,1,3.0,6.0,3.0,Villa,Anagalapura
83,3 BHK Villa for Rent,"Anagalapura, Bangalore",Semi Furnished,2401,Family / Company,2025-11-25,74000,3,2.0,1800.0,0,1,3.0,6.0,3.0,Villa,Anagalapura
84,2 BHK Flat for Rent,"Thanisandra, Bangalore",Semi Furnished,1003,Family / Company,2025-11-25,34000,2,2.0,790.0,0,1,8.0,21.0,2.0,Flat,Thanisandra
85,4 BHK Flat for Rent,"Thanisandra, Bangalore",Fully Furnished,2259,Family / Bachelor / Company,2025-11-25,150006,4,1.0,1542.0,1,1,11.0,33.0,4.0,Flat,Thanisandra
86,4 BHK Flat for Rent,"Jakkur, Bangalore",Semi Furnished,2251,Family / Company,2025-11-25,100000,4,1.0,1890.0,0,1,8.0,18.0,4.0,Flat,Jakkur
87,3 BHK Flat for Rent,"Thanisandra, Bangalore",Semi Furnished,1635,Family / Bachelor / Company,2025-11-25,55002,3,1.0,1633.0,1,1,23.0,33.0,3.0,Flat,Thanisandra
88,3 BHK Flat for Rent,"Thanisandra, Bangalore",Semi Furnished,1632,Family / Bachelor / Company,2025-11-25,55000,3,1.0,1411.0,1,1,23.0,33.0,3.0,Flat,Thanisandra
89,3 BHK Flat for Rent,"Kattigenahalli, Bangalore",Semi Furnished,1950,Family / Bachelor / Company,2025-11-25,40002,3,2.0,1500.0,1,1,2.0,12.0,3.0,Flat,Kattigenahalli
90,2.5 BHK Flat for Rent,"Kannuru, Bangalore",Fully Furnished,1265,Family / Bachelor / Company,2025-11-25,42000,2,1.0,783.0,1,1,4.0,24.0,2.5,Flat,Kannuru
91,4 BHK Flat for Rent,"Chokkanahalli, Bangalore",Semi Furnished,3000,Family / Bachelor,2025-11-25,85000,4,3.0,850.0,0,1,4.0,16.0,4.0,Flat,Chokkanahalli
92,1 BHK Flat for Rent,"Brookefield, Bangalore",Semi Furnished,600,Family / Bachelor,2025-11-25,24000,1,1.0,550.0,0,0,3.0,5.0,1.0,Flat,Brookefield
93,3 BHK Independent Builder Floor for Rent,"HSR Layout, Bangalore",Semi Furnished,2400,Family / Bachelor,2025-11-01,80000,3,1.0,2000.0,1,0,1.0,3.0,3.0,Independent Builder Floor,HSR Layout
94,1 BHK Flat for Rent,"Whitefield, Bangalore",Semi Furnished,550,Family / Bachelor,2025-12-01,17000,1,1.0,850.0,0,0,1.0,5.0,1.0,Flat,Whitefield
95,3 BHK Flat for Rent,"Whitefield, Bangalore",Fully Furnished,1500,Family / Bachelor,2025-11-25,65000,2,2.0,850.0,1,1,2.0,4.0,3.0,Flat,Whitefield
96,1.5 BHK Flat for Rent,"Varthur, Bangalore",Semi Furnished,640,Family / Bachelor,2025-12-01,36500,1,1.0,484.0,1,1,25.0,26.0,1.5,Flat,Varthur
97,2 BHK Flat for Rent,"Gunjur Village, Bangalore",Semi Furnished,1200,Family / Bachelor,2025-11-25,37000,2,1.0,1100.0,1,1,2.0,4.0,2.0,Flat,Gunjur Village
98,1 BHK Independent House for Rent,"Bettadasanapura, Bangalore",Semi Furnished,620,Family / Bachelor / Company,2025-11-25,15100,1,1.0,600.0,0,0,3.0,6.0,1.0,Independent House,Bettadasanapura
99,1 BHK Independent House for Rent,"Mahadevapura, Bangalore",Semi Furnished,600,Family / Bachelor / Company,2025-12-01,19000,1,1.0,500.0,0,0,3.0,6.0,1.0,Independent House,Mahadevapura
100,1 BHK Independent Builder Floor for Rent,"HSR Layout, Bangalore",Semi Furnished,750,Family / Bachelor,2025-11-25,28000,1,1.0,650.0,0,0,2.0,4.0,1.0,Independent Builder Floor,HSR Layout
101,2 BHK Flat for Rent,"Singasandra, Bangalore",Semi Furnished,1400,Family / Bachelor,2025-11-25,29000,2,1.0,1350.0,1,0,2.0,6.0,2.0,Flat,Singasandra
102,2 BHK Flat for Rent,"Choodasandra, Bangalore",Semi Furnished,1100,Family / Bachelor,2025-11-25,25000,2,1.0,900.0,0,0,3.0,5.0,2.0,Flat,Choodasandra
103,2 BHK Flat for Rent,"Harlur, Bangalore",Semi Furnished,1050,Family,2025-11-25,45000,2,1.0,980.0,1,1,3.0,5.0,2.0,Flat,Harlur
104,2 BHK Independent Builder Floor for Rent,"HSR Layout, Bangalore",Semi Furnished,1200,Family / Bachelor,2025-12-01,60000,1,1.0,1100.0,0,0,4.0,5.0,2.0,Independent Builder Floor,HSR Layout
105,1 BHK Independent House for Rent,"Mahadevapura, Bangalore",Semi Furnished,600,Family / Bachelor / Company,2025-12-01,18000,1,1.0,500.0,0,0,3.0,6.0,1.0,Independent House,Mahadevapura
106,1 BHK Independent House for Rent,"Mahadevapura, Bangalore",Semi Furnished,650,Family,2025-12-01,19000,1,1.0,850.0,0,0,3.0,6.0,1.0,Independent House,Mahadevapura
107,1 BHK Flat for Rent,"BTM Layout, Bangalore",Fully Furnished,700,Family / Bachelor,2025-11-25,23000,1,1.0,850.0,0,0,5.0,6.0,1.0,Flat,BTM Layout
108,1 BHK Flat for Rent,"BTM Layout, Bangalore",Fully Furnished,650,Family / Bachelor,2025-11-25,23000,1,1.0,850.0,0,0,4.0,6.0,1.0,Flat,BTM Layout
109,2 BHK Independent House for Rent,"Mahadevapura, Bangalore",Semi Furnished,1150,Family / Bachelor,2025-11-25,33000,2,1.0,850.0,0,0,3.0,6.0,2.0,Independent House,Mahadevapura
110,2 BHK Flat for Rent,"Whitefield, Bangalore",Semi Furnished,1350,Family / Bachelor,2025-11-25,37000,2,1.0,1250.0,0,0,3.0,4.0,2.0,Flat,Whitefield
111,3 BHK Flat for Rent,"Gunjur Village, Bangalore",Semi Furnished,1697,Family / Bachelor,2025-11-25,57000,3,3.0,1304.0,0,0,5.0,29.0,3.0,Flat,Gunjur Village
112,1 BHK Flat for Rent,"BTM Layout, Bangalore",Fully Furnished,610,Family / Bachelor / Company,2025-11-25,25000,1,1.0,580.0,1,1,2.0,5.0,1.0,Flat,BTM Layout
113,1 BHK Flat for Rent,"BTM Layout, Bangalore",Fully Furnished,700,Family / Bachelor,2025-11-25,23999,1,1.0,550.0,1,1,3.0,5.0,1.0,Flat,BTM Layout
114,1 BHK Flat for Rent,"BTM Layout, Bangalore",Fully Furnished,550,Family / Bachelor / Company,2025-11-25,23500,1,1.0,510.0,1,1,4.0,6.0,1.0,Flat,BTM Layout
115,1 BHK Flat for Rent,"BTM Layout, Bangalore",Fully Furnished,700,Family / Bachelor,2025-11-25,30000,1,1.0,580.0,1,1,5.0,7.0,1.0,Flat,BTM Layout
116,1 BHK Flat for Rent,"S.G. Palya, Bangalore",Fully Furnished,600,Family / Bachelor / Company,2025-11-25,24000,1,1.0,590.0,1,1,4.0,7.0,1.0,Flat,S.G. Palya
117,1 BHK Flat for Rent,"S.G. Palya, Bangalore",Fully Furnished,690,Family / Bachelor,2025-11-25,28999,1,1.0,560.0,1,1,4.0,5.0,1.0,Flat,S.G. Palya
118,1 BHK Flat for Rent,"S.G. Palya, Bangalore",Fully Furnished,620,Family / Bachelor / Company,2025-11-25,27000,1,1.0,600.0,1,1,4.0,6.0,1.0,Flat,S.G. Palya
119,1 BHK Flat for Rent,"HSR Layout, Bangalore",Semi Furnished,710,Family / Bachelor,2025-11-25,31000,1,1.0,850.0,1,0,3.0,4.0,1.0,Flat,HSR Layout
120,4 BHK Duplex for Rent,"Kasavanahalli, Bangalore",Semi Furnished,3470,Family / Bachelor,2025-11-25,110000,4,3.0,850.0,1,1,2.0,8.0,4.0,Duplex,Kasavanahalli
121,3 BHK Flat for Rent,"Harlur, Bangalore",Semi Furnished,3750,Family / Bachelor / Company,2025-11-25,98000,3,2.0,850.0,0,1,3.0,4.0,3.0,Flat,Harlur
122,1 BHK Independent House for Rent,"Mahadevapura, Bangalore",Semi Furnished,600,Family / Bachelor / Company,2025-12-01,19500,1,1.0,500.0,0,0,3.0,6.0,1.0,Independent House,Mahadevapura
123,1 BHK Independent Builder Floor for Rent,"HSR Layout, Bangalore",Semi Furnished,650,Family / Bachelor,2025-12-01,26000,1,1.0,550.0,1,0,2.0,4.0,1.0,Independent Builder Floor,HSR Layout
124,1 BHK Flat for Rent,"HSR Layout, Bangalore",Semi Furnished,650,Family / Bachelor / Company,2025-11-25,25000,1,1.0,600.0,0,0,2.0,5.0,1.0,Flat,HSR Layout
125,2 BHK Flat for Rent,"Whitefield, Bangalore",Semi Furnished,900,Family / Bachelor,2025-12-01,29000,2,1.0,850.0,0,0,3.0,5.0,2.0,Flat,Whitefield
126,1 RK Flat for Rent,"BTM Layout, Bangalore",Fully Furnished,480,Family / Bachelor / Company,2025-11-25,15000,1,1.0,400.0,0,1,3.0,6.0,1.0,Flat,BTM Layout
127,2 BHK Flat for Rent,"Konadasapura, Bangalore",Semi Furnished,1100,Family / Bachelor / Company,2025-11-25,26500,3,1.0,1050.0,0,1,1.0,14.0,2.0,Flat,Konadasapura
128,1 BHK Flat for Rent,"BTM Layout, Bangalore",Fully Furnished,700,Family / Bachelor / Company,2025-11-25,26000,1,1.0,650.0,0,1,2.0,6.0,1.0,Flat,BTM Layout
129,1 BHK Flat for Rent,"BTM Layout, Bangalore",Fully Furnished,700,Family / Bachelor / Company,2025-11-25,26000,1,1.0,650.0,0,1,3.0,6.0,1.0,Flat,BTM Layout
130,2 BHK Flat for Rent,"Whitefield, Bangalore",Semi Furnished,900,Family / Bachelor,2025-11-25,26000,2,2.0,850.0,0,0,2.0,5.0,2.0,Flat,Whitefield
131,1 BHK Independent Builder Floor for Rent,"Whitefield, Bangalore",Semi Furnished,600,Bachelor,2025-12-01,16500,1,1.0,850.0,0,0,2.0,4.0,1.0,Independent Builder Floor,Whitefield
132,1 BHK Flat for Rent,"Whitefield, Bangalore",Semi Furnished,650,Family / Bachelor,2025-11-25,19000,1,1.0,850.0,0,0,4.0,6.0,1.0,Flat,Whitefield
133,3 BHK Flat for Rent,"Hebbal Kempapura, Bangalore",Semi Furnished,2927,Family / Bachelor,2025-11-25,85000,3,3.0,850.0,0,1,3.0,13.0,3.0,Flat,Hebbal Kempapura
134,1 BHK Independent Builder Floor for Rent,"HSR Layout, Bangalore",Semi Furnished,650,Family,2025-11-25,31000,1,1.0,600.0,0,0,2.0,4.0,1.0,Independent Builder Floor,HSR Layout
135,1 BHK Flat for Rent,"BTM Layout, Bangalore",Semi Furnished,650,Family / Bachelor,2025-11-25,17000,1,1.0,560.0,1,0,3.0,5.0,1.0,Flat,BTM Layout
136,1 BHK Flat for Rent,"Whitefield, Bangalore",Semi Furnished,600,Family / Bachelor,2025-11-25,20000,1,1.0,850.0,0,0,5.0,6.0,1.0,Flat,Whitefield
137,1 BHK Flat for Rent,"Whitefield, Bangalore",Semi Furnished,600,Family / Bachelor,2025-11-25,19000,1,1.0,850.0,0,0,3.0,6.0,1.0,Flat,Whitefield
138,3 BHK Flat for Rent,"Varthur, Bangalore",Semi Furnished,1905,Family,2025-11-25,61000,3,2.0,850.0,1,1,2.0,26.0,3.0,Flat,Varthur
139,3 BHK Flat for Rent,"Lingadheeranahalli, Bangalore",Semi Furnished,1700,Family,2025-11-25,50000,3,1.0,850.0,0,1,7.0,20.0,3.0,Flat,Lingadheeranahalli
140,2 BHK Independent Builder Floor for Rent,"HSR Layout, Bangalore",Semi Furnished,600,Family / Bachelor,2025-11-25,35000,2,1.0,550.0,0,0,3.0,5.0,2.0,Independent Builder Floor,HSR Layout
141,3 BHK Flat for Rent,"HSR Layout, Bangalore",Fully Furnished,2160,Family / Bachelor,2025-11-25,95000,3,3.0,1841.0,1,1,1.0,5.0,3.0,Flat,HSR Layout
142,2.5 BHK Flat for Rent,"Hebbal Kempapura, Bangalore",Semi Furnished,1450,Family / Bachelor / Company,2025-11-25,55000,2,1.0,1242.0,1,1,11.0,16.0,2.5,Flat,Hebbal Kempapura
143,2 BHK Flat for Rent,"KPC Layout, Bangalore",Semi Furnished,1021,Family / Bachelor,2025-11-25,34000,2,1.0,843.0,0,1,2.0,5.0,2.0,Flat,KPC Layout
144,3 BHK Flat for Rent,"Varthur, Bangalore",Semi Furnished,1679,Family / Company,2025-11-25,67000,3,1.0,850.0,1,1,25.0,26.0,3.0,Flat,Varthur
145,2 BHK Flat for Rent,"Varthur, Bangalore",Semi Furnished,1259,Family / Company,2025-11-25,51000,2,1.0,850.0,1,1,4.0,26.0,2.0,Flat,Varthur
146,1 BHK Flat for Rent,"BTM Layout, Bangalore",Fully Furnished,680,Family / Bachelor / Company,2025-11-25,23999,1,1.0,620.0,1,0,3.0,6.0,1.0,Flat,BTM Layout
147,2 BHK Flat for Rent,"Munnekollal, Bangalore",Semi Furnished,850,Family / Bachelor,2025-11-25,42000,1,1.0,800.0,0,0,1.0,4.0,2.0,Flat,Munnekollal
148,1 BHK Flat for Rent,"Munnekollal, Bangalore",Fully Furnished,600,Family / Bachelor,2025-11-25,25000,2,1.0,550.0,0,0,1.0,4.0,1.0,Flat,Munnekollal
149,1 BHK Flat for Rent,"Brookefield, Bangalore",Fully Furnished,720,Family / Bachelor / Company,2025-11-25,36000,1,1.0,700.0,0,0,3.0,6.0,1.0,Flat,Brookefield
150,2 BHK Flat for Rent,"Murugeshpalya, Bangalore",Semi Furnished,1100,Family,2025-11-25,40000,1,1.0,1000.0,0,0,3.0,4.0,2.0,Flat,Murugeshpalya
151,1 BHK Flat for Rent,"Brookefield, Bangalore",Fully Furnished,700,Family / Bachelor,2025-11-25,45000,2,1.0,650.0,1,0,4.0,4.0,1.0,Flat,Brookefield
152,1 BHK Flat for Rent,"Brookefield, Bangalore",Fully Furnished,680,Family / Bachelor,2025-11-25,35000,1,1.0,650.0,1,0,2.0,6.0,1.0,Flat,Brookefield
153,1 BHK Flat for Rent,"Brookefield, Bangalore",Fully Furnished,700,Family / Bachelor / Company,2025-11-25,35000,1,1.0,600.0,1,0,2.0,6.0,1.0,Flat,Brookefield
154,1 BHK Flat for Rent,"Whitefield, Bangalore",Fully Furnished,600,Family / Bachelor / Company,2025-11-25,24500,1,1.0,580.0,0,0,3.0,6.0,1.0,Flat,Whitefield
155,1 BHK Flat for Rent,"Whitefield, Bangalore",Semi Furnished,650,Family / Bachelor,2025-11-25,23500,1,1.0,600.0,0,0,3.0,6.0,1.0,Flat,Whitefield
156,1 BHK Flat for Rent,"Brookefield, Bangalore",Semi Furnished,680,Family / Bachelor,2025-11-25,28500,1,1.0,600.0,1,0,5.0,6.0,1.0,Flat,Brookefield
157,1 BHK Flat for Rent,"Brookefield, Bangalore",Semi Furnished,650,Family / Bachelor / Company,2025-11-25,29000,1,1.0,600.0,1,0,2.0,6.0,1.0,Flat,Brookefield
158,1 BHK Flat for Rent,"Brookefield, Bangalore",Fully Furnished,600,Family / Bachelor,2025-11-25,35000,1,2.0,550.0,1,0,2.0,6.0,1.0,Flat,Brookefield
159,1 BHK Flat for Rent,"Brookefield, Bangalore",Fully Furnished,650,Family / Bachelor / Company,2025-11-25,34000,1,1.0,600.0,1,0,2.0,6.0,1.0,Flat,Brookefield
160,1 BHK Independent Builder Floor for Rent,"HSR Layout, Bangalore",Fully Furnished,600,Family / Bachelor / Company,2025-11-25,25500,1,1.0,520.0,0,1,1.0,5.0,1.0,Independent Builder Floor,HSR Layout
161,3 BHK Flat for Rent,"Hebbal Kempapura, Bangalore",Semi Furnished,2927,Family / Bachelor / Company,2025-11-25,120000,3,4.0,2450.0,1,1,1.0,12.0,3.0,Flat,Hebbal Kempapura
162,2 BHK Flat for Rent,"Carmelaram, Bangalore",Semi Furnished,845,Family,2025-11-25,37000,2,1.0,844.0,0,1,5.0,12.0,2.0,Flat,Carmelaram
163,1 RK Flat for Rent,"Varthur, Bangalore",Semi Furnished,510,Family / Bachelor / Company,2025-11-25,26000,1,1.0,850.0,1,1,14.0,26.0,1.0,Flat,Varthur
164,2 BHK Independent Builder Floor for Rent,"Koramangala, Bangalore",Semi Furnished,1500,Family / Bachelor,2025-11-25,70000,2,2.0,1400.0,0,0,6.0,6.0,2.0,Independent Builder Floor,Koramangala
165,1 BHK Independent Builder Floor for Rent,"Koramangala, Bangalore",Fully Furnished,600,Family / Bachelor / Company,2025-11-25,33001,1,1.0,550.0,1,0,2.0,6.0,1.0,Independent Builder Floor,Koramangala
166,1 BHK Independent Builder Floor for Rent,"Koramangala, Bangalore",Fully Furnished,600,Family / Bachelor / Company,2025-11-25,33000,1,1.0,550.0,1,0,2.0,6.0,1.0,Independent Builder Floor,Koramangala
167,2 BHK Flat for Rent,"Teachers Colony, Bangalore",Semi Furnished,1200,Family / Bachelor,2025-11-25,45000,2,1.0,1100.0,0,0,2.0,5.0,2.0,Flat,Teachers Colony
168,3 BHK Flat for Rent,"Balagere, Bangalore",Semi Furnished,1804,Family / Bachelor,2025-11-25,72000,3,3.0,1220.0,0,1,11.0,17.0,3.0,Flat,Balagere
169,1 BHK Independent House for Rent,"Mahadevapura, Bangalore",Semi Furnished,500,Family,2025-11-25,18000,1,1.0,850.0,0,0,3.0,6.0,1.0,Independent House,Mahadevapura
170,3 BHK Flat for Rent,"Narayanapura, Bangalore",Semi Furnished,1440,Family / Bachelor,2025-11-25,45000,2,1.0,1400.0,0,1,8.0,17.0,3.0,Flat,Narayanapura
171,3 BHK Flat for Rent,"Narayanapura, Bangalore",Semi Furnished,1010,Family / Bachelor,2025-11-25,45000,2,1.0,950.0,1,1,13.0,22.0,3.0,Flat,Narayanapura
172,2 BHK Flat for Rent,"Doddakannelli, Bangalore",Semi Furnished,1245,Family,2025-11-25,51000,2,2.0,1000.0,0,1,5.0,14.0,2.0,Flat,Doddakannelli
173,2 BHK Flat for Rent,"Varthur, Bangalore",Semi Furnished,1100,Family / Bachelor / Company,2025-11-25,45000,2,1.0,850.0,1,1,16.0,26.0,2.0,Flat,Varthur
174,1 BHK Independent Builder Floor for Rent,"Muneshwara Nagar, Bangalore",Semi Furnished,600,Family / Bachelor,2025-12-01,16500,1,1.0,500.0,0,0,1.0,4.0,1.0,Independent Builder Floor,Muneshwara Nagar
175,1 BHK Flat for Rent,"Bommanahalli, Bangalore",Semi Furnished,690,Family / Bachelor / Company,2025-11-25,16000,1,1.0,850.0,0,0,5.0,6.0,1.0,Flat,Bommanahalli
176,2 BHK Flat for Rent,"Thanisandra, Bangalore",Semi Furnished,1009,Family / Bachelor,2025-11-25,34000,2,2.0,627.0,1,1,11.0,23.0,2.0,Flat,Thanisandra
177,1 BHK Independent Builder Floor for Rent,"HSR Layout, Bangalore",Semi Furnished,650,Family / Bachelor,2025-11-25,33000,1,1.0,550.0,0,0,2.0,4.0,1.0,Independent Builder Floor,HSR Layout
178,2 BHK Independent Builder Floor for Rent,"HSR Layout, Bangalore",Semi Furnished,1200,Family / Bachelor,2025-11-25,38000,2,1.0,1100.0,0,0,2.0,5.0,2.0,Independent Builder Floor,HSR Layout
179,4 BHK Villa for Rent,"C V Raman Nagar, Bangalore",Semi Furnished,2800,Family / Bachelor,2025-11-25,75000,4,3.0,2500.0,0,1,3.0,6.0,4.0,Villa,C V Raman Nagar
180,2 BHK Flat for Rent,"Konanakunte, Bangalore",Semi Furnished,1240,Family / Bachelor,2025-11-25,37000,2,1.0,1150.0,0,1,15.0,15.0,2.0,Flat,Konanakunte
181,2 BHK Flat for Rent,"Varthur, Bangalore",Semi Furnished,1100,Family / Bachelor / Company,2025-11-25,44000,2,1.0,850.0,1,1,4.0,26.0,2.0,Flat,Varthur
182,2 BHK Flat for Rent,"Electronic City, Bangalore",Fully Furnished,1274,Family / Bachelor / Company,2025-11-25,40000,2,2.0,1200.0,0,1,1.0,10.0,2.0,Flat,Electronic City
183,2 BHK Independent Builder Floor for Rent,"HSR Layout, Bangalore",Semi Furnished,1200,Family / Bachelor,2025-11-25,32000,2,1.0,1100.0,0,0,3.0,4.0,2.0,Independent Builder Floor,HSR Layout
184,2 BHK Independent Builder Floor for Rent,"Nagarbhavi, Bangalore",Semi Furnished,1000,Family,2025-11-25,30000,2,1.0,850.0,0,0,1.0,4.0,2.0,Independent Builder Floor,Nagarbhavi
185,1 BHK Flat for Rent,"Whitefield, Bangalore",Semi Furnished,570,Family / Bachelor,2025-11-25,20000,1,2.0,850.0,0,0,3.0,5.0,1.0,Flat,Whitefield
186,2 BHK Flat for Rent,"Chokkanahalli, Bangalore",Semi Furnished,1600,Family / Bachelor,2025-11-25,42000,2,2.0,850.0,0,1,14.0,16.0,2.0,Flat,Chokkanahalli
187,4 BHK Villa for Rent,"Dommasandra, Bangalore",Semi Furnished,1717,Family,2025-11-25,32000,4,2.0,1545.0,0,1,3.0,6.0,4.0,Villa,Dommasandra
188,2 BHK Independent Builder Floor for Rent,"Bellandur, Bangalore",Unfurnished,1200,Family / Bachelor / Company,2025-11-25,36000,2,2.0,1190.0,1,1,4.0,5.0,2.0,Independent Builder Floor,Bellandur
189,2 BHK Independent Builder Floor for Rent,"Bommanahalli, Bangalore",Semi Furnished,601,Family / Bachelor / Company,2025-11-25,22999,2,1.0,550.0,0,0,3.0,5.0,2.0,Independent Builder Floor,Bommanahalli
190,4 BHK Flat for Rent,"Whitefield, Bangalore",Semi Furnished,2205,Family / Company,2025-11-25,95000,4,3.0,850.0,1,1,10.0,18.0,4.0,Flat,Whitefield
191,2 BHK Flat for Rent,"Gummanahalli, Bangalore",Semi Furnished,974,Family / Bachelor / Company,2025-11-25,20000,2,1.0,850.0,0,1,4.0,21.0,2.0,Flat,Gummanahalli
192,4 BHK Flat for Rent,"Koramangala, Bangalore",Semi Furnished,2403,Family / Company,2025-11-25,200000,5,3.0,2305.0,1,1,8.0,15.0,4.0,Flat,Koramangala
193,2.5 BHK Flat for Rent,"Whitefield, Bangalore",Semi Furnished,1447,Family / Bachelor,2025-11-25,66500,2,1.0,850.0,0,0,4.0,17.0,2.5,Flat,Whitefield
194,1 BHK Flat for Rent,"BTM Layout, Bangalore",Fully Furnished,600,Family / Bachelor / Company,2025-11-25,20000,1,1.0,550.0,1,1,3.0,5.0,1.0,Flat,BTM Layout
195,3 BHK Flat for Rent,"Narayanapura, Bangalore",Semi Furnished,1305,Family / Bachelor / Company,2025-11-25,40001,3,2.0,1023.0,1,1,3.0,21.0,3.0,Flat,Narayanapura
196,2 BHK Flat for Rent,"Electronic City Phase 2, Bangalore",Semi Furnished,830,Family / Bachelor,2025-11-25,22000,2,1.0,850.0,0,1,7.0,10.0,2.0,Flat,Electronic City Phase 2
197,1 BHK Independent Builder Floor for Rent,"HSR Layout, Bangalore",Fully Furnished,720,Family / Bachelor / Company,2025-11-25,35009,1,1.0,610.0,1,1,4.0,6.0,1.0,Independent Builder Floor,HSR Layout
198,2 BHK Flat for Rent,"Electronic City, Bangalore",Semi Furnished,1211,Family,2025-11-25,41500,2,3.0,1014.0,1,1,19.0,21.0,2.0,Flat,Electronic City
199,2.5 BHK Flat for Rent,"Whitefield, Bangalore",Semi Furnished,1447,Family / Bachelor,2025-11-25,67000,2,1.0,850.0,0,0,4.0,17.0,2.5,Flat,Whitefield
200,3 BHK Duplex for Rent,"Byrathi, Bangalore",Semi Furnished,1800,Family / Company,2025-11-25,37000,3,4.0,850.0,1,1,1.0,3.0,3.0,Duplex,Byrathi
201,3 BHK Flat for Rent,"Sahakara Nagar, Bangalore",Fully Furnished,1360,Family / Bachelor,2026-03-01,65000,3,2.0,1134.0,1,1,5.0,14.0,3.0,Flat,Sahakara Nagar
202,3 BHK Flat for Rent,"Kannuru, Bangalore",Fully Furnished,3144,Family / Bachelor / Company,2025-11-25,275003,4,2.0,2644.0,1,1,6.0,16.0,3.0,Flat,Kannuru
203,3 BHK Flat for Rent,"Hebbal Kempapura, Bangalore",Fully Furnished,3449,Family / Bachelor,2025-11-25,150000,3,3.0,850.0,0,1,9.0,13.0,3.0,Flat,Hebbal Kempapura
204,1 BHK Independent Builder Floor for Rent,"BTM Layout, Bangalore",Fully Furnished,550,Family / Bachelor / Company,2025-11-25,26500,1,1.0,490.0,1,1,3.0,6.0,1.0,Independent Builder Floor,BTM Layout
205,1 BHK Independent Builder Floor for Rent,"BTM Layout, Bangalore",Fully Furnished,550,Family / Bachelor / Company,2025-11-25,27000,1,1.0,490.0,1,1,4.0,6.0,1.0,Independent Builder Floor,BTM Layout
206,3 BHK Flat for Rent,"Thanisandra, Bangalore",Semi Furnished,1637,Family / Bachelor / Company,2025-11-25,55005,3,1.0,1633.0,1,1,23.0,33.0,3.0,Flat,Thanisandra
207,2 BHK Independent Builder Floor for Rent,"Ejipura, Bangalore",Semi Furnished,1000,Family / Bachelor,2025-11-25,32000,2,1.0,900.0,0,0,2.0,3.0,2.0,Independent Builder Floor,Ejipura
208,2 BHK Flat for Rent,"Ejipura, Bangalore",Semi Furnished,900,Family / Bachelor,2025-11-25,22500,1,1.0,850.0,0,0,3.0,5.0,2.0,Flat,Ejipura
209,1 BHK Flat for Rent,"Bilekahalli, Bangalore",Semi Furnished,850,Family / Bachelor / Company,2025-11-25,22000,1,1.0,750.0,0,1,5.0,5.0,1.0,Flat,Bilekahalli
210,2 BHK Flat for Rent,"Yelahanka, Bangalore",Semi Furnished,1400,Family / Bachelor / Company,2025-11-25,45000,2,1.0,1350.0,0,1,13.0,18.0,2.0,Flat,Yelahanka
211,1 BHK Independent Builder Floor for Rent,"BTM Layout, Bangalore",Fully Furnished,550,Family / Bachelor / Company,2025-11-25,25600,1,1.0,490.0,1,1,3.0,6.0,1.0,Independent Builder Floor,BTM Layout
212,1 BHK Independent Builder Floor for Rent,"BTM Layout, Bangalore",Fully Furnished,550,Family / Bachelor / Company,2025-11-25,25000,1,1.0,490.0,1,1,2.0,6.0,1.0,Independent Builder Floor,BTM Layout
213,2 BHK Flat for Rent,"Doddakannelli, Bangalore",Semi Furnished,1350,Family / Bachelor,2025-11-25,56000,2,1.0,1050.0,1,1,4.0,20.0,2.0,Flat,Doddakannelli
214,1 BHK Flat for Rent,"Bilekahalli, Bangalore",Semi Furnished,850,Family / Bachelor / Company,2025-11-25,22000,1,1.0,850.0,0,1,5.0,6.0,1.0,Flat,Bilekahalli
215,1 BHK Independent Builder Floor for Rent,"BTM Layout, Bangalore",Fully Furnished,550,Family / Bachelor / Company,2025-11-25,27005,1,1.0,490.0,1,1,3.0,6.0,1.0,Independent Builder Floor,BTM Layout
216,3 BHK Flat for Rent,"Kaggadasapura, Bangalore",Semi Furnished,1600,Family / Bachelor,2025-11-25,60000,2,3.0,1560.0,0,1,5.0,5.0,3.0,Flat,Kaggadasapura
217,1 BHK Independent Builder Floor for Rent,"BTM Layout, Bangalore",Fully Furnished,550,Family / Bachelor / Company,2025-11-25,26000,1,1.0,490.0,1,1,3.0,6.0,1.0,Independent Builder Floor,BTM Layout
218,3 BHK Flat for Rent,"K R Puram, Bangalore",Semi Furnished,1581,Family,2025-11-25,65000,3,2.0,1550.0,0,1,22.0,24.0,3.0,Flat,K R Puram
219,3 BHK Villa for Rent,"Anagalapura, Bangalore",Semi Furnished,2400,Family / Company,2025-11-25,70000,3,2.0,1800.0,0,1,3.0,6.0,3.0,Villa,Anagalapura
220,1 BHK Flat for Rent,"BTM Layout, Bangalore",Fully Furnished,680,Family / Bachelor,2025-11-25,26000,1,1.0,570.0,1,1,3.0,6.0,1.0,Flat,BTM Layout
221,3 BHK Flat for Rent,"Yelahanka, Bangalore",Semi Furnished,1880,Family / Bachelor,2025-11-25,75000,3,1.0,1600.0,0,0,6.0,25.0,3.0,Flat,Yelahanka
222,2 BHK Independent Builder Floor for Rent,"Yelahanka, Bangalore",Semi Furnished,1500,Family / Bachelor / Company,2025-11-25,27000,2,1.0,850.0,1,0,2.0,4.0,2.0,Independent Builder Floor,Yelahanka
223,3 BHK Flat for Rent,"HSR Layout, Bangalore",Semi Furnished,2000,Family / Bachelor,2025-11-25,100000,3,1.0,850.0,0,1,1.0,4.0,3.0,Flat,HSR Layout
224,2 BHK Flat for Rent,"Anchepalya, Bangalore",Semi Furnished,1085,Family / Bachelor / Company,2025-11-25,36000,2,1.0,868.0,1,1,11.0,30.0,2.0,Flat,Anchepalya
225,1 BHK Flat for Rent,"Brookefield, Bangalore",Semi Furnished,650,Family / Bachelor,2025-11-25,30000,1,1.0,600.0,0,0,2.0,6.0,1.0,Flat,Brookefield
226,1 BHK Independent Builder Floor for Rent,"BTM Layout, Bangalore",Fully Furnished,550,Family / Bachelor / Company,2025-11-25,28500,1,1.0,440.0,1,1,2.0,6.0,1.0,Independent Builder Floor,BTM Layout
227,2 BHK Flat for Rent,"Gummanahalli, Bangalore",Semi Furnished,750,Family / Bachelor / Company,2025-11-25,20001,2,1.0,563.0,1,1,15.0,21.0,2.0,Flat,Gummanahalli
228,1 BHK Independent Builder Floor for Rent,"BTM Layout, Bangalore",Fully Furnished,550,Family / Bachelor / Company,2025-11-25,29000,1,1.0,440.0,1,1,2.0,6.0,1.0,Independent Builder Floor,BTM Layout
229,1 BHK Flat for Rent,"BTM Layout, Bangalore",Fully Furnished,620,Family / Bachelor / Company,2025-11-25,25500,1,1.0,600.0,1,1,3.0,6.0,1.0,Flat,BTM Layout
230,1 BHK Flat for Rent,"HSR Layout, Bangalore",Fully Furnished,650,Family / Bachelor,2025-11-25,33000,1,1.0,500.0,0,0,1.0,4.0,1.0,Flat,HSR Layout
231,1 BHK Flat for Rent,"BTM Layout, Bangalore",Fully Furnished,650,Family / Bachelor,2025-11-25,25500,1,1.0,570.0,1,0,3.0,5.0,1.0,Flat,BTM Layout
232,2 BHK Flat for Rent,"Anchepalya, Bangalore",Semi Furnished,984,Family / Bachelor / Company,2025-11-25,30000,2,1.0,787.0,1,1,13.0,30.0,2.0,Flat,Anchepalya
233,3 BHK Flat for Rent,"Narayanapura, Bangalore",Semi Furnished,1305,Family / Bachelor / Company,2025-11-25,40000,3,2.0,1244.0,1,1,3.0,21.0,3.0,Flat,Narayanapura
234,1 BHK Independent Builder Floor for Rent,"BTM Layout, Bangalore",Fully Furnished,550,Family / Bachelor / Company,2025-11-25,28000,1,1.0,440.0,1,1,2.0,6.0,1.0,Independent Builder Floor,BTM Layout
235,2 BHK Flat for Rent,"Anchepalya, Bangalore",Fully Furnished,984,Family / Bachelor / Company,2025-11-25,40000,2,1.0,787.0,1,1,23.0,30.0,2.0,Flat,Anchepalya
236,3 BHK Flat for Rent,"Anchepalya, Bangalore",Fully Furnished,1388,Family / Bachelor / Company,2025-11-25,45000,3,1.0,1110.0,1,1,24.0,30.0,3.0,Flat,Anchepalya
237,3 BHK Flat for Rent,"Narayanapura, Bangalore",Semi Furnished,1700,Family / Bachelor,2025-11-25,52000,3,1.0,1400.0,1,1,5.0,17.0,3.0,Flat,Narayanapura
238,1 BHK Flat for Rent,"BTM Layout, Bangalore",Fully Furnished,550,Family / Bachelor,2025-11-25,27999,1,1.0,500.0,1,1,3.0,5.0,1.0,Flat,BTM Layout
239,1 BHK Independent Builder Floor for Rent,"HSR Layout, Bangalore",Semi Furnished,750,Family / Bachelor / Company,2025-12-01,23000,1,1.0,650.0,1,0,2.0,2.0,1.0,Independent Builder Floor,HSR Layout
240,1 BHK Independent Builder Floor for Rent,"HSR Layout, Bangalore",Fully Furnished,600,Family / Bachelor,2025-11-25,37000,1,1.0,850.0,0,0,2.0,5.0,1.0,Independent Builder Floor,HSR Layout
241,2 BHK Flat for Rent,"Kattigenahalli, Bangalore",Semi Furnished,1200,Family / Bachelor / Company,2025-11-25,39000,2,1.0,850.0,1,1,1.0,4.0,2.0,Flat,Kattigenahalli
242,2 BHK Flat for Rent,"Kannuru, Bangalore",Fully Furnished,2024,Family / Bachelor / Company,2025-11-25,190002,2,1.0,1560.0,1,1,15.0,16.0,2.0,Flat,Kannuru
243,2 BHK Flat for Rent,"Yeswanthpur, Bangalore",Semi Furnished,1102,Family / Bachelor / Company,2025-11-25,40000,2,1.0,980.0,1,1,5.0,9.0,2.0,Flat,Yeswanthpur
244,1 BHK Flat for Rent,"Bilekahalli, Bangalore",Semi Furnished,1000,Family / Bachelor / Company,2025-11-25,20000,1,1.0,750.0,0,1,3.0,5.0,1.0,Flat,Bilekahalli
245,2 BHK Flat for Rent,"Yeswanthpur, Bangalore",Semi Furnished,1400,Family / Bachelor / Company,2025-11-25,45000,2,3.0,1120.0,1,1,8.0,24.0,2.0,Flat,Yeswanthpur
246,3 BHK Flat for Rent,"Yeswanthpur, Bangalore",Fully Furnished,1535,Family / Bachelor / Company,2025-11-25,45000,2,2.0,1228.0,1,1,9.0,24.0,3.0,Flat,Yeswanthpur
247,3 BHK Flat for Rent,"Yeswanthpur, Bangalore",Fully Furnished,1825,Family / Bachelor / Company,2025-11-25,50000,2,3.0,1460.0,1,1,17.0,24.0,3.0,Flat,Yeswanthpur
248,1 BHK Flat for Rent,"Bilekahalli, Bangalore",Fully Furnished,1000,Family / Bachelor / Company,2025-11-25,25000,1,1.0,750.0,0,1,5.0,6.0,1.0,Flat,Bilekahalli
249,2.5 BHK Flat for Rent,"Narayanapura, Bangalore",Fully Furnished,1445,Family / Bachelor,2025-12-01,48000,2,1.0,850.0,1,1,8.0,17.0,2.5,Flat,Narayanapura
250,1 BHK Flat for Rent,"Kannuru, Bangalore",Fully Furnished,1074,Family / Bachelor / Company,2025-11-25,140002,2,1.0,760.0,1,1,9.0,16.0,1.0,Flat,Kannuru
251,1 BHK Flat for Rent,"Anchepalya, Bangalore",Semi Furnished,607,Family / Bachelor / Company,2025-11-25,25000,1,1.0,485.0,1,1,15.0,30.0,1.0,Flat,Anchepalya
252,1 BHK Independent Builder Floor for Rent,"BTM Layout, Bangalore",Fully Furnished,550,Family / Bachelor / Company,2025-11-25,27000,1,1.0,440.0,1,1,2.0,6.0,1.0,Independent Builder Floor,BTM Layout
253,2 BHK Flat for Rent,"Yeswanthpur, Bangalore",Fully Furnished,1400,Family / Bachelor / Company,2025-11-25,50000,2,3.0,1120.0,1,1,11.0,24.0,2.0,Flat,Yeswanthpur
254,3 BHK Flat for Rent,"Yeswanthpur, Bangalore",Semi Furnished,1825,Family / Bachelor / Company,2025-11-25,55000,2,3.0,1460.0,1,1,21.0,24.0,3.0,Flat,Yeswanthpur
255,3 BHK Flat for Rent,"Anchepalya, Bangalore",Fully Furnished,1388,Family / Bachelor / Company,2025-11-25,45000,3,1.0,1110.0,1,1,16.0,30.0,3.0,Flat,Anchepalya
256,3 BHK Flat for Rent,"Anchepalya, Bangalore",Semi Furnished,1388,Family,2025-11-25,40000,3,1.0,1110.0,1,1,15.0,30.0,3.0,Flat,Anchepalya
257,1 BHK Independent Builder Floor for Rent,"HSR Layout, Bangalore",Semi Furnished,750,Family / Bachelor / Company,2025-12-01,28000,1,1.0,700.0,1,0,3.0,4.0,1.0,Independent Builder Floor,HSR Layout
258,2 BHK Flat for Rent,"Ashok Nagar, Bangalore",Semi Furnished,1300,Family,2025-11-25,68000,2,1.0,850.0,1,1,6.0,8.0,2.0,Flat,Ashok Nagar
259,3 BHK Flat for Rent,"Cox Town, Bangalore",Semi Furnished,3372,Family / Bachelor / Company,2025-12-01,202000,5,5.0,2900.0,0,1,10.0,22.0,3.0,Flat,Cox Town
260,2 BHK Flat for Rent,"Kothanur, Bangalore",Semi Furnished,1300,Family / Company,2025-12-01,37000,2,2.0,850.0,1,1,2.0,4.0,2.0,Flat,Kothanur
261,3 BHK Flat for Rent,"Kothanur, Bangalore",Semi Furnished,1750,Family / Company,2025-12-01,47000,3,3.0,850.0,1,1,2.0,4.0,3.0,Flat,Kothanur
262,2 BHK Flat for Rent,"Anchepalya, Bangalore",Unfurnished,1085,Family / Bachelor / Company,2025-11-25,32000,2,1.0,868.0,1,1,25.0,30.0,2.0,Flat,Anchepalya
263,3 BHK Flat for Rent,"Gummanahalli, Bangalore",Semi Furnished,1200,Family / Bachelor / Company,2025-11-25,26000,2,1.0,850.0,0,1,4.0,21.0,3.0,Flat,Gummanahalli
264,1 BHK Flat for Rent,"BTM Layout, Bangalore",Fully Furnished,580,Family / Bachelor,2025-11-25,26000,1,1.0,550.0,1,1,3.0,5.0,1.0,Flat,BTM Layout
265,3 BHK Flat for Rent,"C V Raman Nagar, Bangalore",Semi Furnished,1700,Family,2025-11-25,63000,3,3.0,1650.0,0,1,3.0,7.0,3.0,Flat,C V Raman Nagar
266,2 BHK Independent Builder Floor for Rent,"HSR Layout, Bangalore",Semi Furnished,1200,Family / Bachelor,2025-11-25,41000,2,1.0,1100.0,1,0,3.0,4.0,2.0,Independent Builder Floor,HSR Layout
267,2 BHK Flat for Rent,"Anchepalya, Bangalore",Fully Furnished,1085,Family / Bachelor / Company,2025-11-25,40000,2,1.0,868.0,1,1,18.0,30.0,2.0,Flat,Anchepalya
268,4 BHK Independent House for Rent,"Sanjaynagar, Bangalore",Semi Furnished,3600,Family / Company,2025-11-25,65000,4,2.0,3000.0,1,0,2.0,4.0,4.0,Independent House,Sanjaynagar
269,3 BHK Flat for Rent,"Anchepalya, Bangalore",Semi Furnished,1719,Family / Bachelor / Company,2025-11-25,55000,3,2.0,1375.0,1,1,16.0,30.0,3.0,Flat,Anchepalya
270,1 BHK Independent Builder Floor for Rent,"HSR Layout, Bangalore",Semi Furnished,750,Family / Bachelor / Company,2025-12-01,27000,1,1.0,700.0,1,0,11.0,14.0,1.0,Independent Builder Floor,HSR Layout
271,1 BHK Flat for Rent,"Anchepalya, Bangalore",Fully Furnished,607,Family / Bachelor / Company,2025-11-25,30000,1,1.0,485.0,1,1,17.0,30.0,1.0,Flat,Anchepalya
272,4 BHK Flat for Rent,"Anchepalya, Bangalore",Semi Furnished,2100,Family / Bachelor / Company,2025-11-25,55000,3,2.0,1680.0,1,1,10.0,30.0,4.0,Flat,Anchepalya
273,1 BHK Independent House for Rent,"HSR Layout, Bangalore",Semi Furnished,600,Family / Bachelor,2025-11-25,23000,1,1.0,550.0,0,0,3.0,6.0,1.0,Independent House,HSR Layout
274,2 BHK Flat for Rent,"Gummanahalli, Bangalore",Semi Furnished,798,Family / Bachelor / Company,2025-11-25,21000,2,1.0,850.0,1,1,5.0,21.0,2.0,Flat,Gummanahalli
275,2 BHK Independent Builder Floor for Rent,"HSR Layout, Bangalore",Semi Furnished,1250,Family / Bachelor,2025-12-01,42000,2,2.0,1100.0,1,0,2.0,4.0,2.0,Independent Builder Floor,HSR Layout
276,2 BHK Flat for Rent,"Sahakara Nagar, Bangalore",Fully Furnished,1200,Family / Bachelor / Company,2025-11-25,32000,2,1.0,1000.0,0,1,3.0,4.0,2.0,Flat,Sahakara Nagar
277,3 BHK Flat for Rent,"Gunjur Village, Bangalore",Semi Furnished,2134,Family,2025-11-25,70000,3,2.0,850.0,1,1,4.0,26.0,3.0,Flat,Gunjur Village
278,3 BHK Flat for Rent,"Sahakara Nagar, Bangalore",Semi Furnished,1650,Family / Bachelor / Company,2025-11-25,45000,3,3.0,850.0,1,0,1.0,5.0,3.0,Flat,Sahakara Nagar
279,1 BHK Flat for Rent,"Varthur, Bangalore",Fully Furnished,1099,Family,2025-11-25,38000,1,1.0,680.0,1,1,16.0,26.0,1.0,Flat,Varthur
280,4 BHK Flat for Rent,"Volagerekallahalli, Bangalore",Semi Furnished,1980,Family,2025-11-25,90000,4,2.0,850.0,1,1,12.0,29.0,4.0,Flat,Volagerekallahalli
281,3.5 BHK Villa for Rent,"Agrahara Layout, Bangalore",Semi Furnished,3800,Family / Bachelor,2025-11-25,95000,4,3.0,850.0,0,1,3.0,6.0,3.5,Villa,Agrahara Layout
282,1 BHK Independent Builder Floor for Rent,"HSR Layout, Bangalore",Fully Furnished,600,Family / Bachelor / Company,2025-11-25,25002,1,1.0,520.0,0,1,1.0,5.0,1.0,Independent Builder Floor,HSR Layout
283,4 BHK Flat for Rent,"Kannuru, Bangalore",Fully Furnished,4110,Family / Bachelor / Company,2025-11-25,400003,4,2.0,3273.0,1,1,8.0,16.0,4.0,Flat,Kannuru
284,1 BHK Flat for Rent,"Kannuru, Bangalore",Fully Furnished,1173,Family / Bachelor / Company,2025-11-25,150000,1,1.0,870.0,1,1,9.0,26.0,1.0,Flat,Kannuru
285,1 BHK Independent Builder Floor for Rent,"HSR Layout, Bangalore",Semi Furnished,650,Family / Bachelor / Company,2025-12-01,23000,1,1.0,600.0,0,0,3.0,6.0,1.0,Independent Builder Floor,HSR Layout
286,1 BHK Independent Builder Floor for Rent,"Koramangala, Bangalore",Fully Furnished,850,Family / Bachelor,2025-11-25,40000,1,1.0,780.0,0,0,2.0,5.0,1.0,Independent Builder Floor,Koramangala
287,1 BHK Independent Builder Floor for Rent,"Koramangala, Bangalore",Fully Furnished,1000,Family / Bachelor,2025-11-25,40100,1,1.0,780.0,0,0,4.0,5.0,1.0,Independent Builder Floor,Koramangala
288,2 BHK Flat for Rent,"RR Nagar, Bangalore",Semi Furnished,1200,Family,2025-11-25,18000,2,2.0,1000.0,0,0,1.0,4.0,2.0,Flat,RR Nagar
289,1 BHK Independent Builder Floor for Rent,"HSR Layout, Bangalore",Semi Furnished,750,Family,2025-12-01,27000,1,1.0,700.0,1,0,2.0,4.0,1.0,Independent Builder Floor,HSR Layout
290,1 BHK Independent House for Rent,"HSR Layout, Bangalore",Semi Furnished,750,Family / Bachelor,2025-12-01,32000,1,1.0,700.0,0,0,3.0,6.0,1.0,Independent House,HSR Layout
291,2 BHK Independent House for Rent,"Mahadevapura, Bangalore",Semi Furnished,1200,Family / Bachelor / Company,2025-11-01,33000,2,1.0,900.0,0,0,3.0,6.0,2.0,Independent House,Mahadevapura
292,1 BHK Independent Builder Floor for Rent,"HSR Layout, Bangalore",Semi Furnished,700,Family / Bachelor,2025-12-01,36000,1,1.0,600.0,0,0,4.0,5.0,1.0,Independent Builder Floor,HSR Layout
293,2 BHK Flat for Rent,"Thanisandra, Bangalore",Semi Furnished,1105,Family / Bachelor,2025-11-25,40000,2,1.0,1078.0,1,1,21.0,33.0,2.0,Flat,Thanisandra
294,3 BHK Flat for Rent,"Hoodi, Bangalore",Semi Furnished,1817,Family,2025-11-25,82000,3,2.0,1560.0,0,1,1.0,16.0,3.0,Flat,Hoodi
295,1 BHK Independent House for Rent,"Mahadevapura, Bangalore",Semi Furnished,600,Family / Bachelor / Company,2025-12-01,16500,1,1.0,500.0,0,0,3.0,6.0,1.0,Independent House,Mahadevapura
296,1 BHK Flat for Rent,"Kannuru, Bangalore",Fully Furnished,1173,Family / Bachelor / Company,2025-11-25,140002,1,2.0,789.0,1,1,9.0,16.0,1.0,Flat,Kannuru
297,1 BHK Independent Builder Floor for Rent,"HSR Layout, Bangalore",Semi Furnished,650,Family / Bachelor,2025-11-25,34000,1,1.0,850.0,0,0,3.0,4.0,1.0,Independent Builder Floor,HSR Layout
298,1 BHK Flat for Rent,"HSR Layout, Bangalore",Semi Furnished,650,Family / Bachelor,2025-12-01,29000,1,1.0,600.0,0,0,1.0,6.0,1.0,Flat,HSR Layout
299,1 BHK Flat for Rent,"R.K. Hegde Nagar, Kothnur Narayanapura",Semi Furnished,550,Family / Bachelor / Company,2025-11-01,15000,1,1.0,500.0,1,1,3.0,4.0,1.0,Flat,"R.K. Hegde Nagar, Kothnur Narayanapura"
300,3 BHK Flat for Rent,"GB Palya, Bangalore",Semi Furnished,1750,Family / Bachelor,2025-12-01,68000,3,1.0,850.0,0,1,7.0,19.0,3.0,Flat,GB Palya
301,2 BHK Flat for Rent,"HSR Layout, Bangalore",Semi Furnished,950,Family / Bachelor,2025-11-25,25000,2,1.0,900.0,0,0,3.0,4.0,2.0,Flat,HSR Layout
302,1 BHK Independent Builder Floor for Rent,"HSR Layout, Bangalore",Fully Furnished,700,Family / Bachelor / Company,2025-11-25,35250,1,1.0,610.0,1,1,4.0,6.0,1.0,Independent Builder Floor,HSR Layout
303,3.5 BHK Villa for Rent,"Anagalapura, Bangalore",Semi Furnished,3546,Family / Company,2025-11-25,90000,3,2.0,3000.0,1,1,3.0,6.0,3.5,Villa,Anagalapura
304,1 BHK Independent Builder Floor for Rent,"Bommanahalli, Bangalore",Semi Furnished,650,Family / Bachelor,2025-11-25,17000,1,1.0,600.0,1,0,2.0,3.0,1.0,Independent Builder Floor,Bommanahalli
305,3.5 BHK Villa for Rent,"Anagalapura, Bangalore",Semi Furnished,3547,Family / Company,2025-11-25,90000,3,2.0,3000.0,0,1,3.0,6.0,3.5,Villa,Anagalapura
306,3 BHK Flat for Rent,"Varthur, Bangalore",Semi Furnished,1710,Family / Bachelor / Company,2025-11-25,50000,3,1.0,850.0,1,1,5.0,9.0,3.0,Flat,Varthur
307,3 BHK Flat for Rent,"Gummanahalli, Bangalore",Semi Furnished,1400,Family / Bachelor / Company,2025-11-25,30000,2,1.0,1399.0,0,1,20.0,20.0,3.0,Flat,Gummanahalli
308,5 BHK Flat for Rent,"Hebbal Kempapura, Bangalore",Semi Furnished,8700,Family / Bachelor / Company,2025-11-25,550000,6,3.0,6235.0,1,1,7.0,21.0,5.0,Flat,Hebbal Kempapura
309,2 BHK Independent Builder Floor for Rent,"Sanjaynagar, Bangalore",Semi Furnished,1000,Family / Company,2025-11-25,19000,2,1.0,995.0,0,0,3.0,6.0,2.0,Independent Builder Floor,Sanjaynagar
310,2 BHK Flat for Rent,"GB Palya, Bangalore",Semi Furnished,980,Family / Bachelor,2025-11-25,50155,2,1.0,901.0,0,0,2.0,5.0,2.0,Flat,GB Palya
311,1 BHK Flat for Rent,"S.G. Palya, Bangalore",Fully Furnished,600,Family / Bachelor,2025-11-25,26999,1,1.0,540.0,1,1,4.0,5.0,1.0,Flat,S.G. Palya
312,1 BHK Flat for Rent,"HSR Layout, Bangalore",Semi Furnished,700,Family / Bachelor / Company,2025-11-25,30000,1,1.0,650.0,1,0,5.0,5.0,1.0,Flat,HSR Layout
313,2 BHK Flat for Rent,"GB Palya, Bangalore",Semi Furnished,970,Family / Bachelor,2025-11-25,49000,2,1.0,902.0,1,0,2.0,5.0,2.0,Flat,GB Palya
314,2 BHK Flat for Rent,"R.K. Hegde Nagar, Kothnur Narayanapura",Fully Furnished,1250,Family / Bachelor,2025-11-25,40000,2,2.0,1145.0,1,1,4.0,11.0,2.0,Flat,"R.K. Hegde Nagar, Kothnur Narayanapura"
315,2 BHK Flat for Rent,"Hongasandra, Bangalore",Semi Furnished,1100,Family / Bachelor,2025-11-25,21000,2,1.0,1000.0,1,0,3.0,5.0,2.0,Flat,Hongasandra
316,2 BHK Flat for Rent,"Choodasandra, Bangalore",Semi Furnished,1000,Family / Bachelor / Company,2025-11-25,42000,2,1.0,850.0,0,1,15.0,19.0,2.0,Flat,Choodasandra
317,3 BHK Flat for Rent,"Sahakara Nagar, Bangalore",Semi Furnished,1855,Family / Bachelor / Company,2025-11-25,90000,3,2.0,1755.0,1,1,7.0,14.0,3.0,Flat,Sahakara Nagar
318,2 BHK Flat for Rent,"Battarahalli, Bangalore",Semi Furnished,1200,Family / Bachelor,2025-11-25,29999,2,1.0,1150.0,0,0,3.0,5.0,2.0,Flat,Battarahalli
319,3 BHK Villa for Rent,"Anagalapura, Bangalore",Semi Furnished,2500,Family / Company,2025-11-25,70000,3,2.0,1800.0,1,1,3.0,6.0,3.0,Villa,Anagalapura
320,3 BHK Flat for Rent,"Armane Nagar, Bangalore",Semi Furnished,3900,Family / Company,2025-11-25,60000,3,1.0,2960.0,0,1,1.0,4.0,3.0,Flat,Armane Nagar
321,3.5 BHK Penthouse for Rent,"HSR Layout, Bangalore",Fully Furnished,2200,Family,2025-11-25,130000,4,2.0,1800.0,1,0,4.0,4.0,3.5,Penthouse,HSR Layout
322,2 BHK Flat for Rent,"GB Palya, Bangalore",Semi Furnished,1008,Family,2025-11-25,37033,2,1.0,980.0,1,0,2.0,5.0,2.0,Flat,GB Palya
323,1 BHK Independent Builder Floor for Rent,"Ejipura, Bangalore",Semi Furnished,750,Family / Bachelor,2025-11-25,21500,1,1.0,700.0,0,0,2.0,5.0,1.0,Independent Builder Floor,Ejipura
324,1 BHK Flat for Rent,"Jakkur, Bangalore",Semi Furnished,675,Family / Bachelor,2025-11-25,16000,1,1.0,585.0,1,0,3.0,6.0,1.0,Flat,Jakkur
325,2 BHK Flat for Rent,"Dasarahalli, Byatarayanapura CMC And OG Part",Semi Furnished,950,Family / Bachelor / Company,2025-11-25,21000,2,1.0,850.0,0,1,2.0,4.0,2.0,Flat,"Dasarahalli, Byatarayanapura CMC And OG Part"
326,2 BHK Flat for Rent,"R.K. Hegde Nagar, Kothnur Narayanapura",Semi Furnished,950,Family / Bachelor,2025-11-25,20000,2,1.0,800.0,1,0,3.0,6.0,2.0,Flat,"R.K. Hegde Nagar, Kothnur Narayanapura"
327,3 BHK Villa for Rent,"Anagalapura, Bangalore",Semi Furnished,2490,Family / Company,2025-11-25,71000,3,2.0,1800.0,0,1,3.0,6.0,3.0,Villa,Anagalapura
328,2 BHK Flat for Rent,"Jakkur, Bangalore",Fully Furnished,1043,Family / Bachelor,2025-11-25,45000,2,1.0,900.0,1,1,2.0,15.0,2.0,Flat,Jakkur
329,2.5 BHK Flat for Rent,"Kannuru, Bangalore",Fully Furnished,1265,Family / Bachelor / Company,2029-08-01,50000,2,1.0,850.0,0,1,17.0,22.0,2.5,Flat,Kannuru
330,1 BHK Flat for Rent,"BTM Layout, Bangalore",Fully Furnished,699,Family / Bachelor / Company,2025-11-25,27500,1,1.0,596.0,1,1,1.0,6.0,1.0,Flat,BTM Layout
331,1 BHK Flat for Rent,"R.K. Hegde Nagar, Kothnur Narayanapura",Semi Furnished,685,Family / Bachelor / Company,2025-12-01,18000,1,1.0,600.0,0,1,1.0,4.0,1.0,Flat,"R.K. Hegde Nagar, Kothnur Narayanapura"
332,1 BHK Independent House for Rent,"Mahadevapura, Bangalore",Semi Furnished,700,Family / Bachelor / Company,2025-12-01,24000,1,1.0,600.0,0,0,3.0,6.0,1.0,Independent House,Mahadevapura
333,1 BHK Flat for Rent,"BTM Layout, Bangalore",Fully Furnished,767,Family / Bachelor / Company,2025-11-25,27500,1,1.0,689.0,1,1,2.0,6.0,1.0,Flat,BTM Layout
334,1 BHK Independent House for Rent,"Mahadevapura, Bangalore",Semi Furnished,700,Family / Bachelor / Company,2025-12-01,23500,1,1.0,850.0,0,0,3.0,6.0,1.0,Independent House,Mahadevapura
335,2 BHK Independent Builder Floor for Rent,"Ejipura, Bangalore",Fully Furnished,1000,Family / Bachelor,2025-11-25,38000,2,1.0,950.0,0,0,1.0,4.0,2.0,Independent Builder Floor,Ejipura
336,4 BHK Flat for Rent,"Thanisandra, Bangalore",Fully Furnished,2259,Family / Bachelor / Company,2025-11-25,150000,4,1.0,1567.0,1,1,11.0,33.0,4.0,Flat,Thanisandra
337,2 BHK Flat for Rent,"Jakkur, Bangalore",Semi Furnished,1080,Family / Bachelor,2025-11-25,24000,2,1.0,950.0,1,0,1.0,3.0,2.0,Flat,Jakkur
338,2.5 BHK Flat for Rent,"Subramanyapura, Bangalore",Semi Furnished,1357,Family,2025-11-25,40000,2,1.0,1050.0,0,1,12.0,18.0,2.5,Flat,Subramanyapura
339,3 BHK Flat for Rent,"Nagavara, Bangalore",Semi Furnished,2300,Family / Company,2025-11-25,100000,3,1.0,1980.0,0,1,4.0,34.0,3.0,Flat,Nagavara
340,2 BHK Flat for Rent,"GB Palya, Bangalore",Semi Furnished,980,Family / Bachelor,2025-11-25,50121,2,1.0,901.0,0,0,2.0,5.0,2.0,Flat,GB Palya
341,2 BHK Flat for Rent,"GB Palya, Bangalore",Semi Furnished,970,Family / Bachelor,2025-11-25,49121,2,1.0,902.0,1,0,2.0,5.0,2.0,Flat,GB Palya
342,2 BHK Independent Builder Floor for Rent,"HSR Layout, Bangalore",Semi Furnished,800,Family / Bachelor,2025-11-25,30000,2,1.0,850.0,0,0,2.0,4.0,2.0,Independent Builder Floor,HSR Layout
343,2 BHK Flat for Rent,"Jakkur, Bangalore",Semi Furnished,1155,Family / Bachelor,2025-11-25,28000,2,2.0,1050.0,1,0,1.0,4.0,2.0,Flat,Jakkur
344,2 BHK Flat for Rent,"GB Palya, Bangalore",Semi Furnished,1002,Family / Bachelor,2025-11-25,50000,2,1.0,960.0,0,0,2.0,5.0,2.0,Flat,GB Palya
345,2 BHK Flat for Rent,"GB Palya, Bangalore",Semi Furnished,980,Family / Bachelor,2025-11-25,50001,2,1.0,901.0,0,0,2.0,5.0,2.0,Flat,GB Palya
346,2 BHK Flat for Rent,"GB Palya, Bangalore",Semi Furnished,1002,Family / Bachelor,2025-11-25,50022,2,1.0,960.0,0,0,2.0,5.0,2.0,Flat,GB Palya
347,2 BHK Independent House for Rent,"Chikkanekkundi, Bangalore",Semi Furnished,1010,Family / Bachelor / Company,2025-11-25,15500,2,1.0,1000.0,0,0,3.0,6.0,2.0,Independent House,Chikkanekkundi
348,1 BHK Independent Builder Floor for Rent,"Muneshwara Nagar, Bangalore",Semi Furnished,600,Family / Bachelor,2025-11-25,32000,1,1.0,550.0,0,0,4.0,5.0,1.0,Independent Builder Floor,Muneshwara Nagar
349,1 BHK Independent Builder Floor for Rent,"Somasundarapalya, Bangalore",Semi Furnished,600,Family / Bachelor / Company,2025-12-01,26000,1,1.0,570.0,1,0,4.0,5.0,1.0,Independent Builder Floor,Somasundarapalya
350,3 BHK Flat for Rent,"Sanjaynagar, Bangalore",Semi Furnished,2200,Family / Company,2025-11-25,75000,3,1.0,2000.0,1,0,2.0,4.0,3.0,Flat,Sanjaynagar
351,2 BHK Independent Builder Floor for Rent,"JP Nagar, Bangalore",Semi Furnished,850,Family / Bachelor / Company,2025-11-25,25000,2,1.0,800.0,0,0,3.0,6.0,2.0,Independent Builder Floor,JP Nagar
352,2 BHK Independent House for Rent,"Mahadevapura, Bangalore",Semi Furnished,1200,Family / Bachelor,2025-11-25,33000,2,1.0,800.0,0,0,3.0,6.0,2.0,Independent House,Mahadevapura
353,2 BHK Flat for Rent,"Doddakannelli, Bangalore",Semi Furnished,1250,Family / Bachelor / Company,2025-12-01,53000,2,1.0,957.0,1,1,12.0,18.0,2.0,Flat,Doddakannelli
354,2 BHK Flat for Rent,"HBR Layout, Bangalore",Semi Furnished,1100,Family / Bachelor / Company,2025-11-25,25000,2,2.0,1040.0,1,0,2.0,4.0,2.0,Flat,HBR Layout
355,1 BHK Flat for Rent,"Thanisandra, Bangalore",Semi Furnished,690,Family / Bachelor / Company,2025-11-25,18000,1,1.0,600.0,1,0,1.0,4.0,1.0,Flat,Thanisandra
356,1 BHK Independent Builder Floor for Rent,"Somasundarapalya, Bangalore",Semi Furnished,550,Family / Bachelor,2025-11-25,25000,1,1.0,500.0,1,0,4.0,5.0,1.0,Independent Builder Floor,Somasundarapalya
357,1 BHK Independent Builder Floor for Rent,"HSR Layout, Bangalore",Semi Furnished,600,Family,2025-11-25,27000,1,1.0,850.0,1,0,4.0,4.0,1.0,Independent Builder Floor,HSR Layout
358,3 BHK Flat for Rent,"Sanjaynagar, Bangalore",Semi Furnished,1750,Family / Company,2025-11-25,65000,3,2.0,1600.0,1,1,2.0,4.0,3.0,Flat,Sanjaynagar
359,5 BHK Duplex for Rent,"Virupakshapura, Bangalore",Semi Furnished,3600,Family,2025-11-25,55000,4,3.0,2500.0,0,0,1.0,2.0,5.0,Duplex,Virupakshapura
360,2 BHK Flat for Rent,"Hebbal Kempapura, Bangalore",Semi Furnished,1165,Family / Bachelor,2025-11-25,28000,2,1.0,1085.0,1,1,2.0,5.0,2.0,Flat,Hebbal Kempapura
361,1 BHK Flat for Rent,"Thanisandra, Bangalore",Fully Furnished,716,Family / Bachelor / Company,2025-11-25,23000,1,1.0,600.0,1,1,2.0,4.0,1.0,Flat,Thanisandra
362,3 BHK Flat for Rent,"R.K. Hegde Nagar, Bangalore",Semi Furnished,1855,Family / Bachelor / Company,2025-11-25,40000,3,2.0,1710.0,1,1,3.0,5.0,3.0,Flat,R.K. Hegde Nagar
363,1 BHK Flat for Rent,"BTM Layout, Bangalore",Semi Furnished,672,Family / Bachelor / Company,2025-11-25,14000,1,1.0,622.0,1,0,2.0,6.0,1.0,Flat,BTM Layout
364,1 RK Independent Builder Floor for Rent,"HSR Layout, Bangalore",Semi Furnished,250,Bachelor,2025-11-25,18000,1,1.0,850.0,0,0,3.0,6.0,1.0,Independent Builder Floor,HSR Layout
365,1.5 BHK Flat for Rent,"Dasarahalli, Byatarayanapura CMC And OG Part",Semi Furnished,700,Family / Bachelor / Company,2025-11-25,18000,1,1.0,600.0,0,0,2.0,4.0,1.5,Flat,"Dasarahalli, Byatarayanapura CMC And OG Part"
366,2 BHK Flat for Rent,"Kaval Bairasandra, Bangalore",Semi Furnished,900,Family,2025-11-25,22000,2,1.0,850.0,0,0,4.0,4.0,2.0,Flat,Kaval Bairasandra
367,1 BHK Flat for Rent,"Whitefield, Bangalore",Semi Furnished,1200,Family / Bachelor,2025-11-25,30000,2,1.0,1100.0,0,0,1.0,5.0,1.0,Flat,Whitefield
368,3 BHK Flat for Rent,"RMV Extension Stage 2, Bangalore",Semi Furnished,2200,Family / Company,2025-11-25,80000,3,2.0,1800.0,1,1,3.0,4.0,3.0,Flat,RMV Extension Stage 2
369,2 BHK Independent House for Rent,"HSR Layout, Bangalore",Semi Furnished,1100,Family / Bachelor,2025-11-25,42000,2,1.0,850.0,0,0,3.0,6.0,2.0,Independent House,HSR Layout
370,1 BHK Flat for Rent,"BTM Layout, Bangalore",Semi Furnished,720,Family / Bachelor / Company,2025-11-25,14500,1,1.0,621.0,1,0,1.0,6.0,1.0,Flat,BTM Layout
371,1 BHK Flat for Rent,"Jakkur, Bangalore",Semi Furnished,600,Family / Bachelor / Company,2025-11-25,17000,1,1.0,550.0,1,1,3.0,6.0,1.0,Flat,Jakkur
372,3 BHK Flat for Rent,"Nagavara, Bangalore",Fully Furnished,2347,Family / Company,2025-11-25,120000,3,1.0,1908.0,0,1,24.0,34.0,3.0,Flat,Nagavara
373,2 BHK Flat for Rent,"Varthur, Bangalore",Semi Furnished,1190,Family / Bachelor,2025-11-25,32000,2,1.0,1000.0,1,1,3.0,6.0,2.0,Flat,Varthur
374,1 BHK Independent Builder Floor for Rent,"HSR Layout, Bangalore",Fully Furnished,600,Family / Bachelor / Company,2025-11-25,25000,1,1.0,520.0,0,1,1.0,5.0,1.0,Independent Builder Floor,HSR Layout
375,2 BHK Flat for Rent,"HBR Layout, Bangalore",Semi Furnished,1250,Family / Bachelor,2025-11-25,28000,2,3.0,1125.0,1,1,3.0,4.0,2.0,Flat,HBR Layout
376,3 BHK Flat for Rent,"Sanjaynagar, Bangalore",Semi Furnished,1800,Family / Company,2025-11-25,65000,3,1.0,1750.0,1,0,2.0,4.0,3.0,Flat,Sanjaynagar
377,1 BHK Flat for Rent,"Jakkur, Bangalore",Fully Furnished,750,Family / Bachelor / Company,2025-11-25,23000,1,1.0,650.0,1,1,1.0,4.0,1.0,Flat,Jakkur
378,2 BHK Flat for Rent,"Jakkur, Bangalore",Semi Furnished,1230,Family,2025-11-25,28000,2,2.0,1125.0,1,1,2.0,4.0,2.0,Flat,Jakkur
379,1 BHK Flat for Rent,"Munnekollal, Bangalore",Semi Furnished,625,Family / Bachelor,2025-11-25,17000,1,1.0,600.0,0,0,2.0,5.0,1.0,Flat,Munnekollal
380,1 BHK Independent Builder Floor for Rent,"HSR Layout, Bangalore",Fully Furnished,600,Family / Bachelor / Company,2025-11-25,25600,1,1.0,520.0,0,1,1.0,5.0,1.0,Independent Builder Floor,HSR Layout
381,3 BHK Flat for Rent,"Nagavara, Bangalore",Fully Furnished,2347,Family / Company,2025-11-25,115000,3,1.0,1980.0,1,1,24.0,34.0,3.0,Flat,Nagavara
382,1 BHK Flat for Rent,"HSR Layout, Bangalore",Semi Furnished,650,Family / Bachelor,2025-11-25,30000,1,1.0,600.0,1,0,5.0,5.0,1.0,Flat,HSR Layout
383,2 BHK Flat for Rent,"GB Palya, Bangalore",Semi Furnished,1008,Family,2025-11-25,37000,2,1.0,980.0,1,0,2.0,5.0,2.0,Flat,GB Palya
384,1 BHK Flat for Rent,"Thanisandra, Bangalore",Semi Furnished,600,Family / Bachelor / Company,2025-11-25,18000,1,1.0,500.0,0,1,2.0,4.0,1.0,Flat,Thanisandra
385,1 BHK Flat for Rent,"Nagavara, Bangalore",Fully Furnished,700,Family / Bachelor / Company,2025-11-25,24000,1,1.0,650.0,1,1,2.0,5.0,1.0,Flat,Nagavara
386,1 BHK Flat for Rent,"R.K. Hegde Nagar, Bangalore",Fully Furnished,610,Family / Bachelor / Company,2025-11-25,21000,1,1.0,550.0,1,0,3.0,3.0,1.0,Flat,R.K. Hegde Nagar
387,2 BHK Independent Builder Floor for Rent,"HSR Layout, Bangalore",Fully Furnished,1000,Family / Bachelor,2025-12-01,54000,2,2.0,900.0,0,0,3.0,5.0,2.0,Independent Builder Floor,HSR Layout
388,2 BHK Independent Builder Floor for Rent,"HSR Layout, Bangalore",Semi Furnished,1000,Family / Bachelor,2025-11-25,38000,2,1.0,900.0,0,0,2.0,4.0,2.0,Independent Builder Floor,HSR Layout
389,2 BHK Independent Builder Floor for Rent,"HSR Layout, Bangalore",Semi Furnished,1180,Family / Bachelor,2025-11-01,45500,2,2.0,850.0,0,0,5.0,6.0,2.0,Independent Builder Floor,HSR Layout
390,1 BHK Flat for Rent,"S.G. Palya, Bangalore",Fully Furnished,744,Family / Bachelor / Company,2025-11-25,25000,1,1.0,670.0,1,1,1.0,6.0,1.0,Flat,S.G. Palya
391,2 BHK Flat for Rent,"HBR Layout, Bangalore",Semi Furnished,1400,Family / Company,2025-11-25,35000,2,2.0,1300.0,1,1,1.0,4.0,2.0,Flat,HBR Layout
392,1 BHK Independent Builder Floor for Rent,"HSR Layout, Bangalore",Fully Furnished,700,Family / Bachelor / Company,2025-11-25,35200,1,1.0,610.0,1,1,4.0,6.0,1.0,Independent Builder Floor,HSR Layout
393,4 BHK Flat for Rent,"RMV Extension Stage 2, Bangalore",Semi Furnished,2800,Family / Bachelor / Company,2025-11-25,180000,4,3.0,2750.0,1,1,5.0,25.0,4.0,Flat,RMV Extension Stage 2
394,1 BHK Flat for Rent,"BTM Layout, Bangalore",Semi Furnished,766,Family / Bachelor / Company,2025-11-25,13999,1,1.0,621.0,1,0,1.0,6.0,1.0,Flat,BTM Layout
395,1 BHK Flat for Rent,"R.K. Hegde Nagar, Bangalore",Semi Furnished,750,Family / Bachelor / Company,2025-11-25,18000,1,2.0,650.0,1,1,3.0,4.0,1.0,Flat,R.K. Hegde Nagar
396,1 BHK Flat for Rent,"S.G. Palya, Bangalore",Fully Furnished,690,Family / Bachelor,2025-11-25,29000,1,1.0,600.0,1,1,5.0,7.0,1.0,Flat,S.G. Palya
397,1 BHK Flat for Rent,"Kannuru, Bangalore",Fully Furnished,1074,Family / Bachelor / Company,2025-11-25,150008,2,1.0,754.0,1,1,4.0,16.0,1.0,Flat,Kannuru
398,4 BHK Flat for Rent,"Jakkur, Bangalore",Semi Furnished,2020,Family / Company,2025-11-25,90000,4,1.0,1980.0,0,1,7.0,19.0,4.0,Flat,Jakkur
399,3 BHK Independent House for Rent,"Mahadevapura, Bangalore",Semi Furnished,1200,Family / Bachelor,2025-12-01,45500,2,1.0,850.0,0,0,3.0,6.0,3.0,Independent House,Mahadevapura
