Title,Locality,Furnishing,Built_up_area,Lease_type,Available_from,Price,Bathrooms,Balcony,Carpet_area,Gas_Pipeline,Gate_Community,Floor_number,Total_floors,BHK_Number,Property_Title,Locality_area
2.5 BHK Flat for Rent,"Tirumanahalli, Bangalore",Semi Furnished,1265,Family / Bachelor / Company,Available now,42006,2,1.0,795.0,Yes,Yes,3.0,24.0,2.5,Flat,Tirumanahalli
1 BHK Flat for Rent,"BTM Layout, Bangalore",Fully Furnished,700,Family / Bachelor / Company,Available now,28500,1,1.0,600.0,Yes,Yes,5.0,7.0,1,Flat,BTM Layout
2 BHK Flat for Rent,"Mahadevapura, Bangalore",Semi Furnished,1185,Family / Bachelor / Company,"Nov, 2025",38000,2,1.0,850.0,No,No,3.0,4.0,2,Flat,Mahadevapura
3 BHK Flat for Rent,"Gunjur Village, Bangalore",Semi Furnished,1655,Family,Available now,65000,3,3.0,1304.0,No,Yes,26.0,30.0,3,Flat,Gunjur Village
1 RK Independent House for Rent,"Mahadevapura, Bangalore",Fully Furnished,400,Family / Bachelor,Available now,18000,1,1.0,850.0,No,No,3.0,6.0,1,Independent House,Mahadevapura
1 BHK Duplex for Rent,"Brookefield, Bangalore",Semi Furnished,700,Family / Bachelor,Available now,32000,1,1.0,650.0,No,No,1.0,6.0,1,Duplex,Brookefield
1 BHK Flat for Rent,"Thanisandra, Bangalore",Semi Furnished,690,Family / Bachelor / Company,Available now,18000,1,1.0,600.0,No,Yes,3.0,4.0,1,Flat,Thanisandra
4 BHK Penthouse for Rent,"Whitefield, Bangalore",Semi Furnished,4400,Family,Available now,160000,4,4.0,4000.0,No,Yes,18.0,18.0,4,Penthouse,Whitefield
4 BHK Independent House for Rent,"Cheemasandra, Bangalore",Unfurnished,4000,Family,"Jan, 2026",90000,5,2.0,3900.0,No,Yes,1.0,4.0,4,Independent House,Cheemasandra
3 BHK Flat for Rent,"Narayanapura, Bangalore",Semi Furnished,1350,Family / Bachelor / Company,Available now,50000,3,1.0,850.0,No,No,3.0,6.0,3,Flat,Narayanapura
1 BHK Independent Builder Floor for Rent,"Muneshwara Nagar, Bangalore",Semi Furnished,600,Family / Bachelor,Available now,18000,1,1.0,500.0,No,No,3.0,4.0,1,Independent Builder Floor,Muneshwara Nagar
1 BHK Flat for Rent,"Munnekollal, Bangalore",Semi Furnished,600,Family / Bachelor,Available now,18000,1,1.0,850.0,No,No,5.0,6.0,1,Flat,Munnekollal
2 BHK Flat for Rent,"Doddanekundi, Bangalore",Unfurnished,1250,Family / Bachelor / Company,Available now,32000,2,2.0,1249.0,No,Yes,4.0,5.0,2,Flat,Doddanekundi
2 BHK Independent Builder Floor for Rent,"Bommanahalli, Bangalore",Semi Furnished,600,Family / Bachelor / Company,Available now,22999,2,1.0,550.0,No,No,2.0,5.0,2,Independent Builder Floor,Bommanahalli
1 BHK Independent Builder Floor for Rent,"HSR Layout, Bangalore",Semi Furnished,600,Family / Bachelor,Available now,38000,1,1.0,850.0,No,No,1.0,5.0,1,Independent Builder Floor,HSR Layout
2 BHK Flat for Rent,"Gunjur Village, Bangalore",Semi Furnished,980,Family / Bachelor,Available now,40000,2,1.0,900.0,No,Yes,1.0,5.0,2,Flat,Gunjur Village
2 BHK Flat for Rent,"Varthur, Bangalore",Semi Furnished,1102,Family / Bachelor / Company,Available now,45000,2,1.0,850.0,Yes,Yes,13.0,26.0,2,Flat,Varthur
1 BHK Flat for Rent,"Hebbal Kempapura, Byatarayanapura CMC And OG Part",Semi Furnished,600,Family / Bachelor,Available now,17000,1,1.0,550.0,No,No,1.0,5.0,1,Flat,"Hebbal Kempapura, Byatarayanapura CMC And OG Part"
4 BHK Flat for Rent,"Nagavara, Bangalore",Semi Furnished,2980,Family / Company,Available now,100000,4,1.0,1890.0,No,Yes,12.0,34.0,4,Flat,Nagavara
3 BHK Flat for Rent,"Narayanapura, Bangalore",Semi Furnished,1300,Family,Available now,37100,3,1.0,1250.0,No,Yes,1.0,4.0,3,Flat,Narayanapura
1 BHK Flat for Rent,"Uttarahalli -Manavarthekaval, Bangalore",Semi Furnished,584,Family / Bachelor / Company,Available now,22500,1,1.0,572.0,No,Yes,12.0,14.0,1,Flat,Uttarahalli -Manavarthekaval
1 BHK Flat for Rent,"Kadugodi, Bangalore",Semi Furnished,750,Family / Bachelor,Available now,20000,1,1.0,650.0,No,Yes,1.0,6.0,1,Flat,Kadugodi
1 RK Studio for Rent,"BTM Layout, Bangalore",Fully Furnished,450,Family / Bachelor / Company,Available now,15000,1,1.0,400.0,No,Yes,3.0,6.0,1,Studio,BTM Layout
2 BHK Flat for Rent,"Choodasandra, Bangalore",Semi Furnished,1200,Family / Bachelor,"Oct, 2026",42100,2,1.0,1100.0,Yes,Yes,3.0,6.0,2,Flat,Choodasandra
4 BHK Flat for Rent,"Chokkanahalli, Bangalore",Semi Furnished,3000,Family / Bachelor,Available now,85000,4,3.0,850.0,No,Yes,4.0,16.0,4,Flat,Chokkanahalli
1 BHK Flat for Rent,"Brookefield, Bangalore",Semi Furnished,600,Family / Bachelor,Available now,24000,1,1.0,550.0,No,No,3.0,5.0,1,Flat,Brookefield
3 BHK Independent Builder Floor for Rent,"HSR Layout, Bangalore",Semi Furnished,2400,Family / Bachelor,"Nov, 2025",80000,3,1.0,2000.0,Yes,No,1.0,3.0,3,Independent Builder Floor,HSR Layout
3 BHK Flat for Rent,"Whitefield, Bangalore",Fully Furnished,1500,Family / Bachelor,Available now,65000,2,2.0,850.0,Yes,Yes,2.0,4.0,3,Flat,Whitefield
1.5 BHK Flat for Rent,"Varthur, Bangalore",Semi Furnished,640,Family / Bachelor,"Dec, 2025",36500,1,1.0,484.0,Yes,Yes,25.0,26.0,1.5,Flat,Varthur
1 BHK Independent House for Rent,"Bettadasanapura, Bangalore",Semi Furnished,620,Family / Bachelor / Company,Available now,15100,1,1.0,600.0,No,No,3.0,6.0,1,Independent House,Bettadasanapura
1 BHK Flat for Rent,"Chinnapanna Halli, Bangalore",Semi Furnished,650,Family / Bachelor,Available now,25000,1,1.0,600.0,No,No,4.0,6.0,1,Flat,Chinnapanna Halli
1 BHK Flat for Rent,"Chinnapanna Halli, Bangalore",Semi Furnished,700,Family,Available now,30000,1,2.0,650.0,No,No,3.0,6.0,1,Flat,Chinnapanna Halli
1 BHK Flat for Rent,"Munnekollal, Bangalore",Semi Furnished,650,Family / Bachelor,Available now,22000,1,1.0,600.0,No,No,4.0,6.0,1,Flat,Munnekollal
1 BHK Flat for Rent,"Bellandur, Bangalore",Semi Furnished,650,Family / Bachelor,Available now,26000,1,1.0,600.0,No,No,5.0,5.0,1,Flat,Bellandur
1 BHK Flat for Rent,"Brookefield, Bangalore",Semi Furnished,650,Family / Bachelor,Available now,30000,1,1.0,600.0,No,No,3.0,6.0,1,Flat,Brookefield
1 BHK Flat for Rent,"Thanisandra, Bangalore",Semi Furnished,690,Family / Bachelor / Company,Available now,18000,1,1.0,600.0,No,Yes,3.0,4.0,1,Flat,Thanisandra
4 BHK Penthouse for Rent,"Whitefield, Bangalore",Semi Furnished,4400,Family,Available now,160000,4,4.0,4000.0,No,Yes,18.0,18.0,4,Penthouse,Whitefield
3 BHK Flat for Rent,"Gunjur Village, Bangalore",Fully Furnished,1655,Family / Bachelor,Available now,70000,3,2.0,1490.0,No,Yes,25.0,26.0,3,Flat,Gunjur Village
2 BHK Flat for Rent,"Bommanahalli, Bangalore",Semi Furnished,1000,Family,Available now,21000,2,1.0,900.0,No,No,2.0,4.0,2,Flat,Bommanahalli
3 BHK Flat for Rent,"Volagerekallahalli, Bangalore",Semi Furnished,1898,Family,Available now,50000,4,2.0,1710.0,No,Yes,19.0,29.0,3,Flat,Volagerekallahalli
4 BHK Villa for Rent,"Dommasandra, Bangalore",Semi Furnished,1716,Family,Available now,32000,4,2.0,1545.0,No,Yes,3.0,6.0,4,Villa,Dommasandra
1 BHK Independent Builder Floor for Rent,"Muneshwara Nagar, Bangalore",Semi Furnished,600,Family / Bachelor,Available now,18000,1,1.0,500.0,No,No,3.0,4.0,1,Independent Builder Floor,Muneshwara Nagar
2 BHK Flat for Rent,"Electronic City, Bangalore",Semi Furnished,1201,Family / Bachelor,Available now,23000,2,1.0,1080.0,No,No,1.0,5.0,2,Flat,Electronic City
1 BHK Flat for Rent,"Munnekollal, Bangalore",Semi Furnished,600,Family / Bachelor,Available now,18000,1,1.0,850.0,No,No,5.0,6.0,1,Flat,Munnekollal
2 BHK Independent Builder Floor for Rent,"HSR Layout, Bangalore",Semi Furnished,1200,Family / Bachelor,Available now,35000,2,1.0,1100.0,No,No,2.0,4.0,2,Independent Builder Floor,HSR Layout
3 BHK Flat for Rent,"Electronic City, Bangalore",Fully Furnished,1193,Family / Bachelor,Available now,44000,2,2.0,1075.0,No,Yes,1.0,5.0,3,Flat,Electronic City
3 BHK Flat for Rent,"Begur, Bangalore",Fully Furnished,1543,Family / Bachelor,Available now,42000,3,2.0,1390.0,No,Yes,5.0,11.0,3,Flat,Begur
4 BHK Duplex for Rent,"HSR Layout, Bangalore",Fully Furnished,6005,Family,Available now,390000,5,2.0,5400.0,No,No,3.0,6.0,4,Duplex,HSR Layout
2 BHK Flat for Rent,"Doddanekundi, Bangalore",Unfurnished,1250,Family / Bachelor / Company,Available now,32000,2,2.0,1249.0,No,Yes,4.0,5.0,2,Flat,Doddanekundi
2 BHK Flat for Rent,"Hulimavu, Bangalore",Fully Furnished,1022,Family,Available now,30000,2,1.0,920.0,No,Yes,2.0,3.0,2,Flat,Hulimavu
2 BHK Independent Builder Floor for Rent,"Bommanahalli, Bangalore",Semi Furnished,600,Family / Bachelor / Company,Available now,22999,2,1.0,550.0,No,No,2.0,5.0,2,Independent Builder Floor,Bommanahalli
2 BHK Independent Builder Floor for Rent,"Bommanahalli, Bangalore",Semi Furnished,600,Family / Bachelor / Company,Available now,22995,2,1.0,550.0,No,No,3.0,5.0,2,Independent Builder Floor,Bommanahalli
2 BHK Flat for Rent,"Whitefield, Bangalore",Semi Furnished,1250,Family,Available now,35000,2,1.0,1200.0,No,No,4.0,6.0,2,Flat,Whitefield
1 BHK Independent Builder Floor for Rent,"HSR Layout, Bangalore",Semi Furnished,600,Family / Bachelor,Available now,38000,1,1.0,850.0,No,No,1.0,5.0,1,Independent Builder Floor,HSR Layout
3 BHK Flat for Rent,"Jakkur, Bangalore",Semi Furnished,1650,Family,Available now,38000,3,2.0,1455.0,Yes,Yes,2.0,3.0,3,Flat,Jakkur
2 BHK Flat for Rent,"Allalasandra, Bangalore",Semi Furnished,1230,Family / Bachelor / Company,Available now,28000,2,2.0,1150.0,No,Yes,1.0,4.0,2,Flat,Allalasandra
1 BHK Flat for Rent,"R.K. Hegde Nagar, Bangalore",Semi Furnished,585,Family / Bachelor,Available now,16000,1,1.0,510.0,No,No,3.0,6.0,1,Flat,R.K. Hegde Nagar
2 BHK Flat for Rent,"Gunjur Village, Bangalore",Semi Furnished,980,Family / Bachelor,Available now,40000,2,1.0,900.0,No,Yes,1.0,5.0,2,Flat,Gunjur Village
2 BHK Flat for Rent,"Varthur, Bangalore",Semi Furnished,1102,Family / Bachelor / Company,Available now,45000,2,1.0,850.0,Yes,Yes,13.0,26.0,2,Flat,Varthur
2 BHK Flat for Rent,"Carmelaram, Bangalore",Fully Furnished,1000,Family,Available now,50000,2,1.0,936.0,Yes,Yes,7.0,12.0,2,Flat,Carmelaram
1 BHK Independent Builder Floor for Rent,"BTM Layout, Bangalore",Semi Furnished,1200,Family / Bachelor / Company,Available now,21999,1,1.0,450.0,No,No,3.0,5.0,1,Independent Builder Floor,BTM Layout
1 BHK Independent Builder Floor for Rent,"BTM Layout, Bangalore",Semi Furnished,1000,Family / Bachelor / Company,Available now,22999,1,1.0,500.0,No,No,4.0,5.0,1,Independent Builder Floor,BTM Layout
1 BHK Independent Builder Floor for Rent,"BTM Layout, Bangalore",Fully Furnished,550,Family / Bachelor / Company,Available now,23999,1,1.0,500.0,No,No,3.0,5.0,1,Independent Builder Floor,BTM Layout
1 BHK Flat for Rent,"BTM Layout, Bangalore",Fully Furnished,1000,Family / Bachelor / Company,Available now,24999,1,1.0,450.0,No,No,3.0,5.0,1,Flat,BTM Layout
1 BHK Flat for Rent,"Hebbal Kempapura, Byatarayanapura CMC And OG Part",Semi Furnished,600,Family / Bachelor,Available now,17000,1,1.0,550.0,No,No,1.0,5.0,1,Flat,"Hebbal Kempapura, Byatarayanapura CMC And OG Part"
1 BHK Independent House for Rent,"Mahadevapura, Bangalore",Semi Furnished,400,Family / Bachelor,Available now,17000,1,1.0,850.0,No,No,3.0,6.0,1,Independent House,Mahadevapura
2 BHK Flat for Rent,"Bellandur, Bangalore",Fully Furnished,1043,Family / Bachelor,Available now,39000,2,1.0,903.0,No,Yes,3.0,5.0,2,Flat,Bellandur
1 BHK Independent Builder Floor for Rent,"BTM Layout, Bangalore",Fully Furnished,999,Family / Bachelor / Company,Available now,24999,1,1.0,500.0,No,No,3.0,6.0,1,Independent Builder Floor,BTM Layout
2 BHK Flat for Rent,"Narayanapura, Bangalore",Semi Furnished,1000,Family / Bachelor,Available now,21000,2,1.0,900.0,Yes,Yes,1.0,3.0,2,Flat,Narayanapura
4 BHK Flat for Rent,"Nagavara, Bangalore",Semi Furnished,2980,Family / Company,Available now,100000,4,1.0,1890.0,No,Yes,12.0,34.0,4,Flat,Nagavara
2 BHK Flat for Rent,"Thanisandra, Bangalore",Semi Furnished,1009,Family / Company,Available now,35000,2,2.0,627.0,Yes,Yes,12.0,23.0,2,Flat,Thanisandra
2 BHK Flat for Rent,"Kothanur, Bangalore",Semi Furnished,1000,Family / Bachelor,Available now,25000,2,1.0,900.0,Yes,Yes,1.0,4.0,2,Flat,Kothanur
2 BHK Flat for Rent,"Thanisandra, Bangalore",Semi Furnished,1009,Family / Company,Available now,32000,2,2.0,627.0,Yes,Yes,9.0,23.0,2,Flat,Thanisandra
3 BHK Flat for Rent,"Narayanapura, Bangalore",Semi Furnished,1300,Family,Available now,37100,3,1.0,1250.0,No,Yes,1.0,4.0,3,Flat,Narayanapura
2 BHK Flat for Rent,"Bellandur, Bangalore",Semi Furnished,1100,Family / Bachelor / Company,Available now,37000,2,2.0,900.0,No,No,3.0,4.0,2,Flat,Bellandur
1 BHK Flat for Rent,"Uttarahalli -Manavarthekaval, Bangalore",Semi Furnished,584,Family / Bachelor / Company,Available now,22500,1,1.0,572.0,No,Yes,12.0,14.0,1,Flat,Uttarahalli -Manavarthekaval
1 BHK Flat for Rent,"Kadugodi, Bangalore",Semi Furnished,750,Family / Bachelor,Available now,20000,1,1.0,650.0,No,Yes,1.0,6.0,1,Flat,Kadugodi
3 BHK Flat for Rent,"Thanisandra, Bangalore",Fully Furnished,2100,Family / Company,Available now,65000,3,2.0,1409.0,Yes,Yes,9.0,23.0,3,Flat,Thanisandra
2 BHK Independent Builder Floor for Rent,"HSR Layout, Bangalore",Semi Furnished,1200,Family / Bachelor,Available now,61000,2,1.0,1100.0,No,No,1.0,4.0,2,Independent Builder Floor,HSR Layout
1 RK Studio for Rent,"BTM Layout, Bangalore",Fully Furnished,450,Family / Bachelor / Company,Available now,15000,1,1.0,400.0,No,Yes,3.0,6.0,1,Studio,BTM Layout
3.5 BHK Villa for Rent,"Anagalapura, Bangalore",Semi Furnished,3544,Family / Company,Available now,110000,3,2.0,3000.0,No,Yes,3.0,6.0,3.5,Villa,Anagalapura
2 BHK Flat for Rent,"Choodasandra, Bangalore",Semi Furnished,1200,Family / Bachelor,"Oct, 2026",42100,2,1.0,1100.0,Yes,Yes,3.0,6.0,2,Flat,Choodasandra
3 BHK Villa for Rent,"Anagalapura, Bangalore",Semi Furnished,2400,Family / Company,Available now,69000,3,2.0,1800.0,No,Yes,3.0,6.0,3,Villa,Anagalapura
3 BHK Villa for Rent,"Anagalapura, Bangalore",Semi Furnished,2401,Family / Company,Available now,74000,3,2.0,1800.0,No,Yes,3.0,6.0,3,Villa,Anagalapura
2 BHK Flat for Rent,"Thanisandra, Bangalore",Semi Furnished,1003,Family / Company,Available now,34000,2,2.0,790.0,No,Yes,8.0,21.0,2,Flat,Thanisandra
4 BHK Flat for Rent,"Thanisandra, Bangalore",Fully Furnished,2259,Family / Bachelor / Company,Available now,150006,4,1.0,1542.0,Yes,Yes,11.0,33.0,4,Flat,Thanisandra
4 BHK Flat for Rent,"Jakkur, Bangalore",Semi Furnished,2251,Family / Company,Available now,100000,4,1.0,1890.0,No,Yes,8.0,18.0,4,Flat,Jakkur
3 BHK Flat for Rent,"Thanisandra, Bangalore",Semi Furnished,1635,Family / Bachelor / Company,Available now,55002,3,1.0,1633.0,Yes,Yes,23.0,33.0,3,Flat,Thanisandra
3 BHK Flat for Rent,"Thanisandra, Bangalore",Semi Furnished,1632,Family / Bachelor / Company,Available now,55000,3,1.0,1411.0,Yes,Yes,23.0,33.0,3,Flat,Thanisandra
3 BHK Flat for Rent,"Kattigenahalli, Bangalore",Semi Furnished,1950,Family / Bachelor / Company,Available now,40002,3,2.0,1500.0,Yes,Yes,2.0,12.0,3,Flat,Kattigenahalli
2.5 BHK Flat for Rent,"Kannuru, Bangalore",Fully Furnished,1265,Family / Bachelor / Company,Available now,42000,2,1.0,783.0,Yes,Yes,4.0,24.0,2.5,Flat,Kannuru
4 BHK Flat for Rent,"Chokkanahalli, Bangalore",Semi Furnished,3000,Family / Bachelor,Available now,85000,4,3.0,850.0,No,Yes,4.0,16.0,4,Flat,Chokkanahalli
1 BHK Flat for Rent,"Brookefield, Bangalore",Semi Furnished,600,Family / Bachelor,Available now,24000,1,1.0,550.0,No,No,3.0,5.0,1,Flat,Brookefield
3 BHK Independent Builder Floor for Rent,"HSR Layout, Bangalore",Semi Furnished,2400,Family / Bachelor,"Nov, 2025",80000,3,1.0,2000.0,Yes,No,1.0,3.0,3,Independent Builder Floor,HSR Layout
1 BHK Flat for Rent,"Whitefield, Bangalore",Semi Furnished,550,Family / Bachelor,"Dec, 2025",17000,1,1.0,850.0,No,No,1.0,5.0,1,Flat,Whitefield
3 BHK Flat for Rent,"Whitefield, Bangalore",Fully Furnished,1500,Family / Bachelor,Available now,65000,2,2.0,850.0,Yes,Yes,2.0,4.0,3,Flat,Whitefield
1.5 BHK Flat for Rent,"Varthur, Bangalore",Semi Furnished,640,Family / Bachelor,"Dec, 2025",36500,1,1.0,484.0,Yes,Yes,25.0,26.0,1.5,Flat,Varthur
2 BHK Flat for Rent,"Gunjur Village, Bangalore",Semi Furnished,1200,Family / Bachelor,Available now,37000,2,1.0,1100.0,Yes,Yes,2.0,4.0,2,Flat,Gunjur Village
1 BHK Independent House for Rent,"Bettadasanapura, Bangalore",Semi Furnished,620,Family / Bachelor / Company,Available now,15100,1,1.0,600.0,No,No,3.0,6.0,1,Independent House,Bettadasanapura
1 BHK Independent House for Rent,"Mahadevapura, Bangalore",Semi Furnished,600,Family / Bachelor / Company,"Dec, 2025",19000,1,1.0,500.0,No,No,3.0,6.0,1,Independent House,Mahadevapura
1 BHK Independent Builder Floor for Rent,"HSR Layout, Bangalore",Semi Furnished,750,Family / Bachelor,Available now,28000,1,1.0,650.0,No,No,2.0,4.0,1,Independent Builder Floor,HSR Layout
2 BHK Flat for Rent,"Singasandra, Bangalore",Semi Furnished,1400,Family / Bachelor,Available now,29000,2,1.0,1350.0,Yes,No,2.0,6.0,2,Flat,Singasandra
2 BHK Flat for Rent,"Choodasandra, Bangalore",Semi Furnished,1100,Family / Bachelor,Available now,25000,2,1.0,900.0,No,No,3.0,5.0,2,Flat,Choodasandra
2 BHK Flat for Rent,"Harlur, Bangalore",Semi Furnished,1050,Family,Available now,45000,2,1.0,980.0,Yes,Yes,3.0,5.0,2,Flat,Harlur
2 BHK Independent Builder Floor for Rent,"HSR Layout, Bangalore",Semi Furnished,1200,Family / Bachelor,"Dec, 2025",60000,1,1.0,1100.0,No,No,4.0,5.0,2,Independent Builder Floor,HSR Layout
1 BHK Independent House for Rent,"Mahadevapura, Bangalore",Semi Furnished,600,Family / Bachelor / Company,"Dec, 2025",18000,1,1.0,500.0,No,No,3.0,6.0,1,Independent House,Mahadevapura
1 BHK Independent House for Rent,"Mahadevapura, Bangalore",Semi Furnished,650,Family,"Dec, 2025",19000,1,1.0,850.0,No,No,3.0,6.0,1,Independent House,Mahadevapura
1 BHK Flat for Rent,"BTM Layout, Bangalore",Fully Furnished,700,Family / Bachelor,Available now,23000,1,1.0,850.0,No,No,5.0,6.0,1,Flat,BTM Layout
1 BHK Flat for Rent,"BTM Layout, Bangalore",Fully Furnished,650,Family / Bachelor,Available now,23000,1,1.0,850.0,No,No,4.0,6.0,1,Flat,BTM Layout
2 BHK Independent House for Rent,"Mahadevapura, Bangalore",Semi Furnished,1150,Family / Bachelor,Available now,33000,2,1.0,850.0,No,No,3.0,6.0,2,Independent House,Mahadevapura
2 BHK Flat for Rent,"Whitefield, Bangalore",Semi Furnished,1350,Family / Bachelor,Available now,37000,2,1.0,1250.0,No,No,3.0,4.0,2,Flat,Whitefield
3 BHK Flat for Rent,"Gunjur Village, Bangalore",Semi Furnished,1697,Family / Bachelor,Available now,57000,3,3.0,1304.0,No,No,5.0,29.0,3,Flat,Gunjur Village
1 BHK Flat for Rent,"BTM Layout, Bangalore",Fully Furnished,610,Family / Bachelor / Company,Available now,25000,1,1.0,580.0,Yes,Yes,2.0,5.0,1,Flat,BTM Layout
1 BHK Flat for Rent,"BTM Layout, Bangalore",Fully Furnished,700,Family / Bachelor,Available now,23999,1,1.0,550.0,Yes,Yes,3.0,5.0,1,Flat,BTM Layout
1 BHK Flat for Rent,"BTM Layout, Bangalore",Fully Furnished,550,Family / Bachelor / Company,Available now,23500,1,1.0,510.0,Yes,Yes,4.0,6.0,1,Flat,BTM Layout
1 BHK Flat for Rent,"BTM Layout, Bangalore",Fully Furnished,700,Family / Bachelor,Available now,30000,1,1.0,580.0,Yes,Yes,5.0,7.0,1,Flat,BTM Layout
1 BHK Flat for Rent,"S.G. Palya, Bangalore",Fully Furnished,600,Family / Bachelor / Company,Available now,24000,1,1.0,590.0,Yes,Yes,4.0,7.0,1,Flat,S.G. Palya
1 BHK Flat for Rent,"S.G. Palya, Bangalore",Fully Furnished,690,Family / Bachelor,Available now,28999,1,1.0,560.0,Yes,Yes,4.0,5.0,1,Flat,S.G. Palya
1 BHK Flat for Rent,"S.G. Palya, Bangalore",Fully Furnished,620,Family / Bachelor / Company,Available now,27000,1,1.0,600.0,Yes,Yes,4.0,6.0,1,Flat,S.G. Palya
1 BHK Flat for Rent,"HSR Layout, Bangalore",Semi Furnished,710,Family / Bachelor,Available now,31000,1,1.0,850.0,Yes,No,3.0,4.0,1,Flat,HSR Layout
4 BHK Duplex for Rent,"Kasavanahalli, Bangalore",Semi Furnished,3470,Family / Bachelor,Available now,110000,4,3.0,850.0,Yes,Yes,2.0,8.0,4,Duplex,Kasavanahalli
3 BHK Flat for Rent,"Harlur, Bangalore",Semi Furnished,3750,Family / Bachelor / Company,Available now,98000,3,2.0,850.0,No,Yes,3.0,4.0,3,Flat,Harlur
1 BHK Independent House for Rent,"Mahadevapura, Bangalore",Semi Furnished,600,Family / Bachelor / Company,"Dec, 2025",19500,1,1.0,500.0,No,No,3.0,6.0,1,Independent House,Mahadevapura
1 BHK Independent Builder Floor for Rent,"HSR Layout, Bangalore",Semi Furnished,650,Family / Bachelor,"Dec, 2025",26000,1,1.0,550.0,Yes,No,2.0,4.0,1,Independent Builder Floor,HSR Layout
1 BHK Flat for Rent,"HSR Layout, Bangalore",Semi Furnished,650,Family / Bachelor / Company,Available now,25000,1,1.0,600.0,No,No,2.0,5.0,1,Flat,HSR Layout
2 BHK Flat for Rent,"Whitefield, Bangalore",Semi Furnished,900,Family / Bachelor,"Dec, 2025",29000,2,1.0,850.0,No,No,3.0,5.0,2,Flat,Whitefield
1 RK Flat for Rent,"BTM Layout, Bangalore",Fully Furnished,480,Family / Bachelor / Company,Available now,15000,1,1.0,400.0,No,Yes,3.0,6.0,1,Flat,BTM Layout
2 BHK Flat for Rent,"Konadasapura, Bangalore",Semi Furnished,1100,Family / Bachelor / Company,Available now,26500,3,1.0,1050.0,No,Yes,1.0,14.0,2,Flat,Konadasapura
1 BHK Flat for Rent,"BTM Layout, Bangalore",Fully Furnished,700,Family / Bachelor / Company,Available now,26000,1,1.0,650.0,No,Yes,2.0,6.0,1,Flat,BTM Layout
1 BHK Flat for Rent,"BTM Layout, Bangalore",Fully Furnished,700,Family / Bachelor / Company,Available now,26000,1,1.0,650.0,No,Yes,3.0,6.0,1,Flat,BTM Layout
2 BHK Flat for Rent,"Whitefield, Bangalore",Semi Furnished,900,Family / Bachelor,Available now,26000,2,2.0,850.0,No,No,2.0,5.0,2,Flat,Whitefield
1 BHK Independent Builder Floor for Rent,"Whitefield, Bangalore",Semi Furnished,600,Bachelor,"Dec, 2025",16500,1,1.0,850.0,No,No,2.0,4.0,1,Independent Builder Floor,Whitefield
1 BHK Flat for Rent,"Whitefield, Bangalore",Semi Furnished,650,Family / Bachelor,Available now,19000,1,1.0,850.0,No,No,4.0,6.0,1,Flat,Whitefield
3 BHK Flat for Rent,"Hebbal Kempapura, Bangalore",Semi Furnished,2927,Family / Bachelor,Available now,85000,3,3.0,850.0,No,Yes,3.0,13.0,3,Flat,Hebbal Kempapura
1 BHK Independent Builder Floor for Rent,"HSR Layout, Bangalore",Semi Furnished,650,Family,Available now,31000,1,1.0,600.0,No,No,2.0,4.0,1,Independent Builder Floor,HSR Layout
1 BHK Flat for Rent,"BTM Layout, Bangalore",Semi Furnished,650,Family / Bachelor,Available now,17000,1,1.0,560.0,Yes,No,3.0,5.0,1,Flat,BTM Layout
1 BHK Flat for Rent,"Whitefield, Bangalore",Semi Furnished,600,Family / Bachelor,Available now,20000,1,1.0,850.0,No,No,5.0,6.0,1,Flat,Whitefield
1 BHK Flat for Rent,"Whitefield, Bangalore",Semi Furnished,600,Family / Bachelor,Available now,19000,1,1.0,850.0,No,No,3.0,6.0,1,Flat,Whitefield
3 BHK Flat for Rent,"Varthur, Bangalore",Semi Furnished,1905,Family,Available now,61000,3,2.0,850.0,Yes,Yes,2.0,26.0,3,Flat,Varthur
3 BHK Flat for Rent,"Lingadheeranahalli, Bangalore",Semi Furnished,1700,Family,Available now,50000,3,1.0,850.0,No,Yes,7.0,20.0,3,Flat,Lingadheeranahalli
2 BHK Independent Builder Floor for Rent,"HSR Layout, Bangalore",Semi Furnished,600,Family / Bachelor,Available now,35000,2,1.0,550.0,No,No,3.0,5.0,2,Independent Builder Floor,HSR Layout
3 BHK Flat for Rent,"HSR Layout, Bangalore",Fully Furnished,2160,Family / Bachelor,Available now,95000,3,3.0,1841.0,Yes,Yes,1.0,5.0,3,Flat,HSR Layout
2.5 BHK Flat for Rent,"Hebbal Kempapura, Bangalore",Semi Furnished,1450,Family / Bachelor / Company,Available now,55000,2,1.0,1242.0,Yes,Yes,11.0,16.0,2.5,Flat,Hebbal Kempapura
2 BHK Flat for Rent,"KPC Layout, Bangalore",Semi Furnished,1021,Family / Bachelor,Available now,34000,2,1.0,843.0,No,Yes,2.0,5.0,2,Flat,KPC Layout
3 BHK Flat for Rent,"Varthur, Bangalore",Semi Furnished,1679,Family / Company,Available now,67000,3,1.0,850.0,Yes,Yes,25.0,26.0,3,Flat,Varthur
2 BHK Flat for Rent,"Varthur, Bangalore",Semi Furnished,1259,Family / Company,Available now,51000,2,1.0,850.0,Yes,Yes,4.0,26.0,2,Flat,Varthur
1 BHK Flat for Rent,"BTM Layout, Bangalore",Fully Furnished,680,Family / Bachelor / Company,Available now,23999,1,1.0,620.0,Yes,No,3.0,6.0,1,Flat,BTM Layout
2 BHK Flat for Rent,"Munnekollal, Bangalore",Semi Furnished,850,Family / Bachelor,Available now,42000,1,1.0,800.0,No,No,1.0,4.0,2,Flat,Munnekollal
1 BHK Flat for Rent,"Munnekollal, Bangalore",Fully Furnished,600,Family / Bachelor,Available now,25000,2,1.0,550.0,No,No,1.0,4.0,1,Flat,Munnekollal
1 BHK Flat for Rent,"Brookefield, Bangalore",Fully Furnished,720,Family / Bachelor / Company,Available now,36000,1,1.0,700.0,No,No,3.0,6.0,1,Flat,Brookefield
2 BHK Flat for Rent,"Murugeshpalya, Bangalore",Semi Furnished,1100,Family,Available now,40000,1,1.0,1000.0,No,No,3.0,4.0,2,Flat,Murugeshpalya
1 BHK Flat for Rent,"Brookefield, Bangalore",Fully Furnished,700,Family / Bachelor,Available now,45000,2,1.0,650.0,Yes,No,4.0,4.0,1,Flat,Brookefield
1 BHK Flat for Rent,"Brookefield, Bangalore",Fully Furnished,680,Family / Bachelor,Available now,35000,1,1.0,650.0,Yes,No,2.0,6.0,1,Flat,Brookefield
1 BHK Flat for Rent,"Brookefield, Bangalore",Fully Furnished,700,Family / Bachelor / Company,Available now,35000,1,1.0,600.0,Yes,No,2.0,6.0,1,Flat,Brookefield
1 BHK Flat for Rent,"Whitefield, Bangalore",Fully Furnished,600,Family / Bachelor / Company,Available now,24500,1,1.0,580.0,No,No,3.0,6.0,1,Flat,Whitefield
1 BHK Flat for Rent,"Whitefield, Bangalore",Semi Furnished,650,Family / Bachelor,Available now,23500,1,1.0,600.0,No,No,3.0,6.0,1,Flat,Whitefield
1 BHK Flat for Rent,"Brookefield, Bangalore",Semi Furnished,680,Family / Bachelor,Available now,28500,1,1.0,600.0,Yes,No,5.0,6.0,1,Flat,Brookefield
1 BHK Flat for Rent,"Brookefield, Bangalore",Semi Furnished,650,Family / Bachelor / Company,Available now,29000,1,1.0,600.0,Yes,No,2.0,6.0,1,Flat,Brookefield
1 BHK Flat for Rent,"Brookefield, Bangalore",Fully Furnished,600,Family / Bachelor,Available now,35000,1,2.0,550.0,Yes,No,2.0,6.0,1,Flat,Brookefield
1 BHK Flat for Rent,"Brookefield, Bangalore",Fully Furnished,650,Family / Bachelor / Company,Available now,34000,1,1.0,600.0,Yes,No,2.0,6.0,1,Flat,Brookefield
1 BHK Independent Builder Floor for Rent,"HSR Layout, Bangalore",Fully Furnished,600,Family / Bachelor / Company,Available now,25500,1,1.0,520.0,No,Yes,1.0,5.0,1,Independent Builder Floor,HSR Layout
3 BHK Flat for Rent,"Hebbal Kempapura, Bangalore",Semi Furnished,2927,Family / Bachelor / Company,Available now,120000,3,4.0,2450.0,Yes,Yes,1.0,12.0,3,Flat,Hebbal Kempapura
2 BHK Flat for Rent,"Carmelaram, Bangalore",Semi Furnished,845,Family,Available now,37000,2,1.0,844.0,No,Yes,5.0,12.0,2,Flat,Carmelaram
1 RK Flat for Rent,"Varthur, Bangalore",Semi Furnished,510,Family / Bachelor / Company,Available now,26000,1,1.0,850.0,Yes,Yes,14.0,26.0,1,Flat,Varthur
2 BHK Independent Builder Floor for Rent,"Koramangala, Bangalore",Semi Furnished,1500,Family / Bachelor,Available now,70000,2,2.0,1400.0,No,No,6.0,6.0,2,Independent Builder Floor,Koramangala
1 BHK Independent Builder Floor for Rent,"Koramangala, Bangalore",Fully Furnished,600,Family / Bachelor / Company,Available now,33001,1,1.0,550.0,Yes,No,2.0,6.0,1,Independent Builder Floor,Koramangala
1 BHK Independent Builder Floor for Rent,"Koramangala, Bangalore",Fully Furnished,600,Family / Bachelor / Company,Available now,33000,1,1.0,550.0,Yes,No,2.0,6.0,1,Independent Builder Floor,Koramangala
2 BHK Flat for Rent,"Teachers Colony, Bangalore",Semi Furnished,1200,Family / Bachelor,Available now,45000,2,1.0,1100.0,No,No,2.0,5.0,2,Flat,Teachers Colony
3 BHK Flat for Rent,"Balagere, Bangalore",Semi Furnished,1804,Family / Bachelor,Available now,72000,3,3.0,1220.0,No,Yes,11.0,17.0,3,Flat,Balagere
1 BHK Independent House for Rent,"Mahadevapura, Bangalore",Semi Furnished,500,Family,Available now,18000,1,1.0,850.0,No,No,3.0,6.0,1,Independent House,Mahadevapura
3 BHK Flat for Rent,"Narayanapura, Bangalore",Semi Furnished,1440,Family / Bachelor,Available now,45000,2,1.0,1400.0,No,Yes,8.0,17.0,3,Flat,Narayanapura
3 BHK Flat for Rent,"Narayanapura, Bangalore",Semi Furnished,1010,Family / Bachelor,Available now,45000,2,1.0,950.0,Yes,Yes,13.0,22.0,3,Flat,Narayanapura
2 BHK Flat for Rent,"Doddakannelli, Bangalore",Semi Furnished,1245,Family,Available now,51000,2,2.0,1000.0,No,Yes,5.0,14.0,2,Flat,Doddakannelli
2 BHK Flat for Rent,"Varthur, Bangalore",Semi Furnished,1100,Family / Bachelor / Company,Available now,45000,2,1.0,850.0,Yes,Yes,16.0,26.0,2,Flat,Varthur
1 BHK Independent Builder Floor for Rent,"Muneshwara Nagar, Bangalore",Semi Furnished,600,Family / Bachelor,"Dec, 2025",16500,1,1.0,500.0,No,No,1.0,4.0,1,Independent Builder Floor,Muneshwara Nagar
1 BHK Flat for Rent,"Bommanahalli, Bangalore",Semi Furnished,690,Family / Bachelor / Company,Available now,16000,1,1.0,850.0,No,No,5.0,6.0,1,Flat,Bommanahalli
2 BHK Flat for Rent,"Thanisandra, Bangalore",Semi Furnished,1009,Family / Bachelor,Available now,34000,2,2.0,627.0,Yes,Yes,11.0,23.0,2,Flat,Thanisandra
1 BHK Independent Builder Floor for Rent,"HSR Layout, Bangalore",Semi Furnished,650,Family / Bachelor,Available now,33000,1,1.0,550.0,No,No,2.0,4.0,1,Independent Builder Floor,HSR Layout
2 BHK Independent Builder Floor for Rent,"HSR Layout, Bangalore",Semi Furnished,1200,Family / Bachelor,Available now,38000,2,1.0,1100.0,No,No,2.0,5.0,2,Independent Builder Floor,HSR Layout
4 BHK Villa for Rent,"C V Raman Nagar, Bangalore",Semi Furnished,2800,Family / Bachelor,Available now,75000,4,3.0,2500.0,No,Yes,3.0,6.0,4,Villa,C V Raman Nagar
2 BHK Flat for Rent,"Konanakunte, Bangalore",Semi Furnished,1240,Family / Bachelor,Available now,37000,2,1.0,1150.0,No,Yes,15.0,15.0,2,Flat,Konanakunte
2 BHK Flat for Rent,"Varthur, Bangalore",Semi Furnished,1100,Family / Bachelor / Company,Available now,44000,2,1.0,850.0,Yes,Yes,4.0,26.0,2,Flat,Varthur
2 BHK Flat for Rent,"Electronic City, Bangalore",Fully Furnished,1274,Family / Bachelor / Company,Available now,40000,2,2.0,1200.0,No,Yes,1.0,10.0,2,Flat,Electronic City
2 BHK Independent Builder Floor for Rent,"HSR Layout, Bangalore",Semi Furnished,1200,Family / Bachelor,Available now,32000,2,1.0,1100.0,No,No,3.0,4.0,2,Independent Builder Floor,HSR Layout
2 BHK Independent Builder Floor for Rent,"Nagarbhavi, Bangalore",Semi Furnished,1000,Family,Available now,30000,2,1.0,850.0,No,No,1.0,4.0,2,Independent Builder Floor,Nagarbhavi
1 BHK Flat for Rent,"Whitefield, Bangalore",Semi Furnished,570,Family / Bachelor,Available now,20000,1,2.0,850.0,No,No,3.0,5.0,1,Flat,Whitefield
2 BHK Flat for Rent,"Chokkanahalli, Bangalore",Semi Furnished,1600,Family / Bachelor,Available now,42000,2,2.0,850.0,No,Yes,14.0,16.0,2,Flat,Chokkanahalli
4 BHK Villa for Rent,"Dommasandra, Bangalore",Semi Furnished,1717,Family,Available now,32000,4,2.0,1545.0,No,Yes,3.0,6.0,4,Villa,Dommasandra
2 BHK Independent Builder Floor for Rent,"Bellandur, Bangalore",Unfurnished,1200,Family / Bachelor / Company,Available now,36000,2,2.0,1190.0,Yes,Yes,4.0,5.0,2,Independent Builder Floor,Bellandur
2 BHK Independent Builder Floor for Rent,"Bommanahalli, Bangalore",Semi Furnished,601,Family / Bachelor / Company,Available now,22999,2,1.0,550.0,No,No,3.0,5.0,2,Independent Builder Floor,Bommanahalli
4 BHK Flat for Rent,"Whitefield, Bangalore",Semi Furnished,2205,Family / Company,Available now,95000,4,3.0,850.0,Yes,Yes,10.0,18.0,4,Flat,Whitefield
2 BHK Flat for Rent,"Gummanahalli, Bangalore",Semi Furnished,974,Family / Bachelor / Company,Available now,20000,2,1.0,850.0,No,Yes,4.0,21.0,2,Flat,Gummanahalli
4 BHK Flat for Rent,"Koramangala, Bangalore",Semi Furnished,2403,Family / Company,Available now,200000,5,3.0,2305.0,Yes,Yes,8.0,15.0,4,Flat,Koramangala
2.5 BHK Flat for Rent,"Whitefield, Bangalore",Semi Furnished,1447,Family / Bachelor,Available now,66500,2,1.0,850.0,No,No,4.0,17.0,2.5,Flat,Whitefield
1 BHK Flat for Rent,"BTM Layout, Bangalore",Fully Furnished,600,Family / Bachelor / Company,Available now,20000,1,1.0,550.0,Yes,Yes,3.0,5.0,1,Flat,BTM Layout
3 BHK Flat for Rent,"Narayanapura, Bangalore",Semi Furnished,1305,Family / Bachelor / Company,Available now,40001,3,2.0,1023.0,Yes,Yes,3.0,21.0,3,Flat,Narayanapura
2 BHK Flat for Rent,"Electronic City Phase 2, Bangalore",Semi Furnished,830,Family / Bachelor,Available now,22000,2,1.0,850.0,No,Yes,7.0,10.0,2,Flat,Electronic City Phase 2
1 BHK Independent Builder Floor for Rent,"HSR Layout, Bangalore",Fully Furnished,720,Family / Bachelor / Company,Available now,35009,1,1.0,610.0,Yes,Yes,4.0,6.0,1,Independent Builder Floor,HSR Layout
2 BHK Flat for Rent,"Electronic City, Bangalore",Semi Furnished,1211,Family,Available now,41500,2,3.0,1014.0,Yes,Yes,19.0,21.0,2,Flat,Electronic City
2.5 BHK Flat for Rent,"Whitefield, Bangalore",Semi Furnished,1447,Family / Bachelor,Available now,67000,2,1.0,850.0,No,No,4.0,17.0,2.5,Flat,Whitefield
3 BHK Duplex for Rent,"Byrathi, Bangalore",Semi Furnished,1800,Family / Company,Available now,37000,3,4.0,850.0,Yes,Yes,1.0,3.0,3,Duplex,Byrathi
3 BHK Flat for Rent,"Sahakara Nagar, Bangalore",Fully Furnished,1360,Family / Bachelor,"Mar, 2026",65000,3,2.0,1134.0,Yes,Yes,5.0,14.0,3,Flat,Sahakara Nagar
3 BHK Flat for Rent,"Kannuru, Bangalore",Fully Furnished,3144,Family / Bachelor / Company,Available now,275003,4,2.0,2644.0,Yes,Yes,6.0,16.0,3,Flat,Kannuru
3 BHK Flat for Rent,"Hebbal Kempapura, Bangalore",Fully Furnished,3449,Family / Bachelor,Available now,150000,3,3.0,850.0,No,Yes,9.0,13.0,3,Flat,Hebbal Kempapura
1 BHK Independent Builder Floor for Rent,"BTM Layout, Bangalore",Fully Furnished,550,Family / Bachelor / Company,Available now,26500,1,1.0,490.0,Yes,Yes,3.0,6.0,1,Independent Builder Floor,BTM Layout
1 BHK Independent Builder Floor for Rent,"BTM Layout, Bangalore",Fully Furnished,550,Family / Bachelor / Company,Available now,27000,1,1.0,490.0,Yes,Yes,4.0,6.0,1,Independent Builder Floor,BTM Layout
3 BHK Flat for Rent,"Thanisandra, Bangalore",Semi Furnished,1637,Family / Bachelor / Company,Available now,55005,3,1.0,1633.0,Yes,Yes,23.0,33.0,3,Flat,Thanisandra
2 BHK Independent Builder Floor for Rent,"Ejipura, Bangalore",Semi Furnished,1000,Family / Bachelor,Available now,32000,2,1.0,900.0,No,No,2.0,3.0,2,Independent Builder Floor,Ejipura
2 BHK Flat for Rent,"Ejipura, Bangalore",Semi Furnished,900,Family / Bachelor,Available now,22500,1,1.0,850.0,No,No,3.0,5.0,2,Flat,Ejipura
1 BHK Flat for Rent,"Bilekahalli, Bangalore",Semi Furnished,850,Family / Bachelor / Company,Available now,22000,1,1.0,750.0,No,Yes,5.0,5.0,1,Flat,Bilekahalli
2 BHK Flat for Rent,"Yelahanka, Bangalore",Semi Furnished,1400,Family / Bachelor / Company,Available now,45000,2,1.0,1350.0,No,Yes,13.0,18.0,2,Flat,Yelahanka
1 BHK Independent Builder Floor for Rent,"BTM Layout, Bangalore",Fully Furnished,550,Family / Bachelor / Company,Available now,25600,1,1.0,490.0,Yes,Yes,3.0,6.0,1,Independent Builder Floor,BTM Layout
1 BHK Independent Builder Floor for Rent,"BTM Layout, Bangalore",Fully Furnished,550,Family / Bachelor / Company,Available now,25000,1,1.0,490.0,Yes,Yes,2.0,6.0,1,Independent Builder Floor,BTM Layout
2 BHK Flat for Rent,"Doddakannelli, Bangalore",Semi Furnished,1350,Family / Bachelor,Available now,56000,2,1.0,1050.0,Yes,Yes,4.0,20.0,2,Flat,Doddakannelli
1 BHK Flat for Rent,"Bilekahalli, Bangalore",Semi Furnished,850,Family / Bachelor / Company,Available now,22000,1,1.0,850.0,No,Yes,5.0,6.0,1,Flat,Bilekahalli
1 BHK Independent Builder Floor for Rent,"BTM Layout, Bangalore",Fully Furnished,550,Family / Bachelor / Company,Available now,27005,1,1.0,490.0,Yes,Yes,3.0,6.0,1,Independent Builder Floor,BTM Layout
3 BHK Flat for Rent,"Kaggadasapura, Bangalore",Semi Furnished,1600,Family / Bachelor,Available now,60000,2,3.0,1560.0,No,Yes,5.0,5.0,3,Flat,Kaggadasapura
1 BHK Independent Builder Floor for Rent,"BTM Layout, Bangalore",Fully Furnished,550,Family / Bachelor / Company,Available now,26000,1,1.0,490.0,Yes,Yes,3.0,6.0,1,Independent Builder Floor,BTM Layout
3 BHK Flat for Rent,"K R Puram, Bangalore",Semi Furnished,1581,Family,Available now,65000,3,2.0,1550.0,No,Yes,22.0,24.0,3,Flat,K R Puram
3 BHK Villa for Rent,"Anagalapura, Bangalore",Semi Furnished,2400,Family / Company,Available now,70000,3,2.0,1800.0,No,Yes,3.0,6.0,3,Villa,Anagalapura
1 BHK Flat for Rent,"BTM Layout, Bangalore",Fully Furnished,680,Family / Bachelor,Available now,26000,1,1.0,570.0,Yes,Yes,3.0,6.0,1,Flat,BTM Layout
3 BHK Flat for Rent,"Yelahanka, Bangalore",Semi Furnished,1880,Family / Bachelor,Available now,75000,3,1.0,1600.0,No,No,6.0,25.0,3,Flat,Yelahanka
2 BHK Independent Builder Floor for Rent,"Yelahanka, Bangalore",Semi Furnished,1500,Family / Bachelor / Company,Available now,27000,2,1.0,850.0,Yes,No,2.0,4.0,2,Independent Builder Floor,Yelahanka
3 BHK Flat for Rent,"HSR Layout, Bangalore",Semi Furnished,2000,Family / Bachelor,Available now,100000,3,1.0,850.0,No,Yes,1.0,4.0,3,Flat,HSR Layout
2 BHK Flat for Rent,"Anchepalya, Bangalore",Semi Furnished,1085,Family / Bachelor / Company,Available now,36000,2,1.0,868.0,Yes,Yes,11.0,30.0,2,Flat,Anchepalya
1 BHK Flat for Rent,"Brookefield, Bangalore",Semi Furnished,650,Family / Bachelor,Available now,30000,1,1.0,600.0,No,No,2.0,6.0,1,Flat,Brookefield
1 BHK Independent Builder Floor for Rent,"BTM Layout, Bangalore",Fully Furnished,550,Family / Bachelor / Company,Available now,28500,1,1.0,440.0,Yes,Yes,2.0,6.0,1,Independent Builder Floor,BTM Layout
2 BHK Flat for Rent,"Gummanahalli, Bangalore",Semi Furnished,750,Family / Bachelor / Company,Available now,20001,2,1.0,563.0,Yes,Yes,15.0,21.0,2,Flat,Gummanahalli
1 BHK Independent Builder Floor for Rent,"BTM Layout, Bangalore",Fully Furnished,550,Family / Bachelor / Company,Available now,29000,1,1.0,440.0,Yes,Yes,2.0,6.0,1,Independent Builder Floor,BTM Layout
1 BHK Flat for Rent,"BTM Layout, Bangalore",Fully Furnished,620,Family / Bachelor / Company,Available now,25500,1,1.0,600.0,Yes,Yes,3.0,6.0,1,Flat,BTM Layout
1 BHK Flat for Rent,"HSR Layout, Bangalore",Fully Furnished,650,Family / Bachelor,Available now,33000,1,1.0,500.0,No,No,1.0,4.0,1,Flat,HSR Layout
1 BHK Flat for Rent,"BTM Layout, Bangalore",Fully Furnished,650,Family / Bachelor,Available now,25500,1,1.0,570.0,Yes,No,3.0,5.0,1,Flat,BTM Layout
2 BHK Flat for Rent,"Anchepalya, Bangalore",Semi Furnished,984,Family / Bachelor / Company,Available now,30000,2,1.0,787.0,Yes,Yes,13.0,30.0,2,Flat,Anchepalya
3 BHK Flat for Rent,"Narayanapura, Bangalore",Semi Furnished,1305,Family / Bachelor / Company,Available now,40000,3,2.0,1244.0,Yes,Yes,3.0,21.0,3,Flat,Narayanapura
1 BHK Independent Builder Floor for Rent,"BTM Layout, Bangalore",Fully Furnished,550,Family / Bachelor / Company,Available now,28000,1,1.0,440.0,Yes,Yes,2.0,6.0,1,Independent Builder Floor,BTM Layout
2 BHK Flat for Rent,"Anchepalya, Bangalore",Fully Furnished,984,Family / Bachelor / Company,Available now,40000,2,1.0,787.0,Yes,Yes,23.0,30.0,2,Flat,Anchepalya
3 BHK Flat for Rent,"Anchepalya, Bangalore",Fully Furnished,1388,Family / Bachelor / Company,Available now,45000,3,1.0,1110.0,Yes,Yes,24.0,30.0,3,Flat,Anchepalya
3 BHK Flat for Rent,"Narayanapura, Bangalore",Semi Furnished,1700,Family / Bachelor,Available now,52000,3,1.0,1400.0,Yes,Yes,5.0,17.0,3,Flat,Narayanapura
1 BHK Flat for Rent,"BTM Layout, Bangalore",Fully Furnished,550,Family / Bachelor,Available now,27999,1,1.0,500.0,Yes,Yes,3.0,5.0,1,Flat,BTM Layout
1 BHK Independent Builder Floor for Rent,"HSR Layout, Bangalore",Semi Furnished,750,Family / Bachelor / Company,"Dec, 2025",23000,1,1.0,650.0,Yes,No,2.0,2.0,1,Independent Builder Floor,HSR Layout
1 BHK Independent Builder Floor for Rent,"HSR Layout, Bangalore",Fully Furnished,600,Family / Bachelor,Available now,37000,1,1.0,850.0,No,No,2.0,5.0,1,Independent Builder Floor,HSR Layout
2 BHK Flat for Rent,"Kattigenahalli, Bangalore",Semi Furnished,1200,Family / Bachelor / Company,Available now,39000,2,1.0,850.0,Yes,Yes,1.0,4.0,2,Flat,Kattigenahalli
2 BHK Flat for Rent,"Kannuru, Bangalore",Fully Furnished,2024,Family / Bachelor / Company,Available now,190002,2,1.0,1560.0,Yes,Yes,15.0,16.0,2,Flat,Kannuru
2 BHK Flat for Rent,"Yeswanthpur, Bangalore",Semi Furnished,1102,Family / Bachelor / Company,Available now,40000,2,1.0,980.0,Yes,Yes,5.0,9.0,2,Flat,Yeswanthpur
1 BHK Flat for Rent,"Bilekahalli, Bangalore",Semi Furnished,1000,Family / Bachelor / Company,Available now,20000,1,1.0,750.0,No,Yes,3.0,5.0,1,Flat,Bilekahalli
2 BHK Flat for Rent,"Yeswanthpur, Bangalore",Semi Furnished,1400,Family / Bachelor / Company,Available now,45000,2,3.0,1120.0,Yes,Yes,8.0,24.0,2,Flat,Yeswanthpur
3 BHK Flat for Rent,"Yeswanthpur, Bangalore",Fully Furnished,1535,Family / Bachelor / Company,Available now,45000,2,2.0,1228.0,Yes,Yes,9.0,24.0,3,Flat,Yeswanthpur
3 BHK Flat for Rent,"Yeswanthpur, Bangalore",Fully Furnished,1825,Family / Bachelor / Company,Available now,50000,2,3.0,1460.0,Yes,Yes,17.0,24.0,3,Flat,Yeswanthpur
1 BHK Flat for Rent,"Bilekahalli, Bangalore",Fully Furnished,1000,Family / Bachelor / Company,Available now,25000,1,1.0,750.0,No,Yes,5.0,6.0,1,Flat,Bilekahalli
2.5 BHK Flat for Rent,"Narayanapura, Bangalore",Fully Furnished,1445,Family / Bachelor,"Dec, 2025",48000,2,1.0,850.0,Yes,Yes,8.0,17.0,2.5,Flat,Narayanapura
1 BHK Flat for Rent,"Kannuru, Bangalore",Fully Furnished,1074,Family / Bachelor / Company,Available now,140002,2,1.0,760.0,Yes,Yes,9.0,16.0,1,Flat,Kannuru
1 BHK Flat for Rent,"Anchepalya, Bangalore",Semi Furnished,607,Family / Bachelor / Company,Available now,25000,1,1.0,485.0,Yes,Yes,15.0,30.0,1,Flat,Anchepalya
1 BHK Independent Builder Floor for Rent,"BTM Layout, Bangalore",Fully Furnished,550,Family / Bachelor / Company,Available now,27000,1,1.0,440.0,Yes,Yes,2.0,6.0,1,Independent Builder Floor,BTM Layout
2 BHK Flat for Rent,"Yeswanthpur, Bangalore",Fully Furnished,1400,Family / Bachelor / Company,Available now,50000,2,3.0,1120.0,Yes,Yes,11.0,24.0,2,Flat,Yeswanthpur
3 BHK Flat for Rent,"Yeswanthpur, Bangalore",Semi Furnished,1825,Family / Bachelor / Company,Available now,55000,2,3.0,1460.0,Yes,Yes,21.0,24.0,3,Flat,Yeswanthpur
3 BHK Flat for Rent,"Anchepalya, Bangalore",Fully Furnished,1388,Family / Bachelor / Company,Available now,45000,3,1.0,1110.0,Yes,Yes,16.0,30.0,3,Flat,Anchepalya
3 BHK Flat for Rent,"Anchepalya, Bangalore",Semi Furnished,1388,Family,Available now,40000,3,1.0,1110.0,Yes,Yes,15.0,30.0,3,Flat,Anchepalya
1 BHK Independent Builder Floor for Rent,"HSR Layout, Bangalore",Semi Furnished,750,Family / Bachelor / Company,"Dec, 2025",28000,1,1.0,700.0,Yes,No,3.0,4.0,1,Independent Builder Floor,HSR Layout
2 BHK Flat for Rent,"Ashok Nagar, Bangalore",Semi Furnished,1300,Family,Available now,68000,2,1.0,850.0,Yes,Yes,6.0,8.0,2,Flat,Ashok Nagar
3 BHK Flat for Rent,"Cox Town, Bangalore",Semi Furnished,3372,Family / Bachelor / Company,"Dec, 2025",202000,5,5.0,2900.0,No,Yes,10.0,22.0,3,Flat,Cox Town
2 BHK Flat for Rent,"Kothanur, Bangalore",Semi Furnished,1300,Family / Company,"Dec, 2025",37000,2,2.0,850.0,Yes,Yes,2.0,4.0,2,Flat,Kothanur
3 BHK Flat for Rent,"Kothanur, Bangalore",Semi Furnished,1750,Family / Company,"Dec, 2025",47000,3,3.0,850.0,Yes,Yes,2.0,4.0,3,Flat,Kothanur
2 BHK Flat for Rent,"Anchepalya, Bangalore",Unfurnished,1085,Family / Bachelor / Company,Available now,32000,2,1.0,868.0,Yes,Yes,25.0,30.0,2,Flat,Anchepalya
3 BHK Flat for Rent,"Gummanahalli, Bangalore",Semi Furnished,1200,Family / Bachelor / Company,Available now,26000,2,1.0,850.0,No,Yes,4.0,21.0,3,Flat,Gummanahalli
1 BHK Flat for Rent,"BTM Layout, Bangalore",Fully Furnished,580,Family / Bachelor,Available now,26000,1,1.0,550.0,Yes,Yes,3.0,5.0,1,Flat,BTM Layout
3 BHK Flat for Rent,"C V Raman Nagar, Bangalore",Semi Furnished,1700,Family,Available now,63000,3,3.0,1650.0,No,Yes,3.0,7.0,3,Flat,C V Raman Nagar
2 BHK Independent Builder Floor for Rent,"HSR Layout, Bangalore",Semi Furnished,1200,Family / Bachelor,Available now,41000,2,1.0,1100.0,Yes,No,3.0,4.0,2,Independent Builder Floor,HSR Layout
2 BHK Flat for Rent,"Anchepalya, Bangalore",Fully Furnished,1085,Family / Bachelor / Company,Available now,40000,2,1.0,868.0,Yes,Yes,18.0,30.0,2,Flat,Anchepalya
4 BHK Independent House for Rent,"Sanjaynagar, Bangalore",Semi Furnished,3600,Family / Company,Available now,65000,4,2.0,3000.0,Yes,No,2.0,4.0,4,Independent House,Sanjaynagar
3 BHK Flat for Rent,"Anchepalya, Bangalore",Semi Furnished,1719,Family / Bachelor / Company,Available now,55000,3,2.0,1375.0,Yes,Yes,16.0,30.0,3,Flat,Anchepalya
1 BHK Independent Builder Floor for Rent,"HSR Layout, Bangalore",Semi Furnished,750,Family / Bachelor / Company,"Dec, 2025",27000,1,1.0,700.0,Yes,No,11.0,14.0,1,Independent Builder Floor,HSR Layout
1 BHK Flat for Rent,"Anchepalya, Bangalore",Fully Furnished,607,Family / Bachelor / Company,Available now,30000,1,1.0,485.0,Yes,Yes,17.0,30.0,1,Flat,Anchepalya
4 BHK Flat for Rent,"Anchepalya, Bangalore",Semi Furnished,2100,Family / Bachelor / Company,Available now,55000,3,2.0,1680.0,Yes,Yes,10.0,30.0,4,Flat,Anchepalya
1 BHK Independent House for Rent,"HSR Layout, Bangalore",Semi Furnished,600,Family / Bachelor,Available now,23000,1,1.0,550.0,No,No,3.0,6.0,1,Independent House,HSR Layout
2 BHK Flat for Rent,"Gummanahalli, Bangalore",Semi Furnished,798,Family / Bachelor / Company,Available now,21000,2,1.0,850.0,Yes,Yes,5.0,21.0,2,Flat,Gummanahalli
2 BHK Independent Builder Floor for Rent,"HSR Layout, Bangalore",Semi Furnished,1250,Family / Bachelor,"Dec, 2025",42000,2,2.0,1100.0,Yes,No,2.0,4.0,2,Independent Builder Floor,HSR Layout
2 BHK Flat for Rent,"Sahakara Nagar, Bangalore",Fully Furnished,1200,Family / Bachelor / Company,Available now,32000,2,1.0,1000.0,No,Yes,3.0,4.0,2,Flat,Sahakara Nagar
3 BHK Flat for Rent,"Gunjur Village, Bangalore",Semi Furnished,2134,Family,Available now,70000,3,2.0,850.0,Yes,Yes,4.0,26.0,3,Flat,Gunjur Village
3 BHK Flat for Rent,"Sahakara Nagar, Bangalore",Semi Furnished,1650,Family / Bachelor / Company,Available now,45000,3,3.0,850.0,Yes,No,1.0,5.0,3,Flat,Sahakara Nagar
1 BHK Flat for Rent,"Varthur, Bangalore",Fully Furnished,1099,Family,Available now,38000,1,1.0,680.0,Yes,Yes,16.0,26.0,1,Flat,Varthur
4 BHK Flat for Rent,"Volagerekallahalli, Bangalore",Semi Furnished,1980,Family,Available now,90000,4,2.0,850.0,Yes,Yes,12.0,29.0,4,Flat,Volagerekallahalli
3.5 BHK Villa for Rent,"Agrahara Layout, Bangalore",Semi Furnished,3800,Family / Bachelor,Available now,95000,4,3.0,850.0,No,Yes,3.0,6.0,3.5,Villa,Agrahara Layout
1 BHK Independent Builder Floor for Rent,"HSR Layout, Bangalore",Fully Furnished,600,Family / Bachelor / Company,Available now,25002,1,1.0,520.0,No,Yes,1.0,5.0,1,Independent Builder Floor,HSR Layout
4 BHK Flat for Rent,"Kannuru, Bangalore",Fully Furnished,4110,Family / Bachelor / Company,Available now,400003,4,2.0,3273.0,Yes,Yes,8.0,16.0,4,Flat,Kannuru
1 BHK Flat for Rent,"Kannuru, Bangalore",Fully Furnished,1173,Family / Bachelor / Company,Available now,150000,1,1.0,870.0,Yes,Yes,9.0,26.0,1,Flat,Kannuru
1 BHK Independent Builder Floor for Rent,"HSR Layout, Bangalore",Semi Furnished,650,Family / Bachelor / Company,"Dec, 2025",23000,1,1.0,600.0,No,No,3.0,6.0,1,Independent Builder Floor,HSR Layout
1 BHK Independent Builder Floor for Rent,"Koramangala, Bangalore",Fully Furnished,850,Family / Bachelor,Available now,40000,1,1.0,780.0,No,No,2.0,5.0,1,Independent Builder Floor,Koramangala
1 BHK Independent Builder Floor for Rent,"Koramangala, Bangalore",Fully Furnished,1000,Family / Bachelor,Available now,40100,1,1.0,780.0,No,No,4.0,5.0,1,Independent Builder Floor,Koramangala
2 BHK Flat for Rent,"RR Nagar, Bangalore",Semi Furnished,1200,Family,Available now,18000,2,2.0,1000.0,No,No,1.0,4.0,2,Flat,RR Nagar
1 BHK Independent Builder Floor for Rent,"HSR Layout, Bangalore",Semi Furnished,750,Family,"Dec, 2025",27000,1,1.0,700.0,Yes,No,2.0,4.0,1,Independent Builder Floor,HSR Layout
1 BHK Independent House for Rent,"HSR Layout, Bangalore",Semi Furnished,750,Family / Bachelor,"Dec, 2025",32000,1,1.0,700.0,No,No,3.0,6.0,1,Independent House,HSR Layout
2 BHK Independent House for Rent,"Mahadevapura, Bangalore",Semi Furnished,1200,Family / Bachelor / Company,"Nov, 2025",33000,2,1.0,900.0,No,No,3.0,6.0,2,Independent House,Mahadevapura
1 BHK Independent Builder Floor for Rent,"HSR Layout, Bangalore",Semi Furnished,700,Family / Bachelor,"Dec, 2025",36000,1,1.0,600.0,No,No,4.0,5.0,1,Independent Builder Floor,HSR Layout
2 BHK Flat for Rent,"Thanisandra, Bangalore",Semi Furnished,1105,Family / Bachelor,Available now,40000,2,1.0,1078.0,Yes,Yes,21.0,33.0,2,Flat,Thanisandra
3 BHK Flat for Rent,"Hoodi, Bangalore",Semi Furnished,1817,Family,Available now,82000,3,2.0,1560.0,No,Yes,1.0,16.0,3,Flat,Hoodi
1 BHK Independent House for Rent,"Mahadevapura, Bangalore",Semi Furnished,600,Family / Bachelor / Company,"Dec, 2025",16500,1,1.0,500.0,No,No,3.0,6.0,1,Independent House,Mahadevapura
1 BHK Flat for Rent,"Kannuru, Bangalore",Fully Furnished,1173,Family / Bachelor / Company,Available now,140002,1,2.0,789.0,Yes,Yes,9.0,16.0,1,Flat,Kannuru
1 BHK Independent Builder Floor for Rent,"HSR Layout, Bangalore",Semi Furnished,650,Family / Bachelor,Available now,34000,1,1.0,850.0,No,No,3.0,4.0,1,Independent Builder Floor,HSR Layout
1 BHK Flat for Rent,"HSR Layout, Bangalore",Semi Furnished,650,Family / Bachelor,"Dec, 2025",29000,1,1.0,600.0,No,No,1.0,6.0,1,Flat,HSR Layout
1 BHK Flat for Rent,"R.K. Hegde Nagar, Kothnur Narayanapura",Semi Furnished,550,Family / Bachelor / Company,"Nov, 2025",15000,1,1.0,500.0,Yes,Yes,3.0,4.0,1,Flat,"R.K. Hegde Nagar, Kothnur Narayanapura"
3 BHK Flat for Rent,"GB Palya, Bangalore",Semi Furnished,1750,Family / Bachelor,"Dec, 2025",68000,3,1.0,850.0,No,Yes,7.0,19.0,3,Flat,GB Palya
2 BHK Flat for Rent,"HSR Layout, Bangalore",Semi Furnished,950,Family / Bachelor,Available now,25000,2,1.0,900.0,No,No,3.0,4.0,2,Flat,HSR Layout
1 BHK Independent Builder Floor for Rent,"HSR Layout, Bangalore",Fully Furnished,700,Family / Bachelor / Company,Available now,35250,1,1.0,610.0,Yes,Yes,4.0,6.0,1,Independent Builder Floor,HSR Layout
3.5 BHK Villa for Rent,"Anagalapura, Bangalore",Semi Furnished,3546,Family / Company,Available now,90000,3,2.0,3000.0,Yes,Yes,3.0,6.0,3.5,Villa,Anagalapura
1 BHK Independent Builder Floor for Rent,"Bommanahalli, Bangalore",Semi Furnished,650,Family / Bachelor,Available now,17000,1,1.0,600.0,Yes,No,2.0,3.0,1,Independent Builder Floor,Bommanahalli
3.5 BHK Villa for Rent,"Anagalapura, Bangalore",Semi Furnished,3547,Family / Company,Available now,90000,3,2.0,3000.0,No,Yes,3.0,6.0,3.5,Villa,Anagalapura
3 BHK Flat for Rent,"Varthur, Bangalore",Semi Furnished,1710,Family / Bachelor / Company,Available now,50000,3,1.0,850.0,Yes,Yes,5.0,9.0,3,Flat,Varthur
3 BHK Flat for Rent,"Gummanahalli, Bangalore",Semi Furnished,1400,Family / Bachelor / Company,Available now,30000,2,1.0,1399.0,No,Yes,20.0,20.0,3,Flat,Gummanahalli
5 BHK Flat for Rent,"Hebbal Kempapura, Bangalore",Semi Furnished,8700,Family / Bachelor / Company,Available now,550000,6,3.0,6235.0,Yes,Yes,7.0,21.0,5,Flat,Hebbal Kempapura
2 BHK Independent Builder Floor for Rent,"Sanjaynagar, Bangalore",Semi Furnished,1000,Family / Company,Available now,19000,2,1.0,995.0,No,No,3.0,6.0,2,Independent Builder Floor,Sanjaynagar
2 BHK Flat for Rent,"GB Palya, Bangalore",Semi Furnished,980,Family / Bachelor,Available now,50155,2,1.0,901.0,No,No,2.0,5.0,2,Flat,GB Palya
1 BHK Flat for Rent,"S.G. Palya, Bangalore",Fully Furnished,600,Family / Bachelor,Available now,26999,1,1.0,540.0,Yes,Yes,4.0,5.0,1,Flat,S.G. Palya
1 BHK Flat for Rent,"HSR Layout, Bangalore",Semi Furnished,700,Family / Bachelor / Company,Available now,30000,1,1.0,650.0,Yes,No,5.0,5.0,1,Flat,HSR Layout
2 BHK Flat for Rent,"GB Palya, Bangalore",Semi Furnished,970,Family / Bachelor,Available now,49000,2,1.0,902.0,Yes,No,2.0,5.0,2,Flat,GB Palya
2 BHK Flat for Rent,"R.K. Hegde Nagar, Kothnur Narayanapura",Fully Furnished,1250,Family / Bachelor,Available now,40000,2,2.0,1145.0,Yes,Yes,4.0,11.0,2,Flat,"R.K. Hegde Nagar, Kothnur Narayanapura"
2 BHK Flat for Rent,"Hongasandra, Bangalore",Semi Furnished,1100,Family / Bachelor,Available now,21000,2,1.0,1000.0,Yes,No,3.0,5.0,2,Flat,Hongasandra
2 BHK Flat for Rent,"Choodasandra, Bangalore",Semi Furnished,1000,Family / Bachelor / Company,Available now,42000,2,1.0,850.0,No,Yes,15.0,19.0,2,Flat,Choodasandra
3 BHK Flat for Rent,"Sahakara Nagar, Bangalore",Semi Furnished,1855,Family / Bachelor / Company,Available now,90000,3,2.0,1755.0,Yes,Yes,7.0,14.0,3,Flat,Sahakara Nagar
2 BHK Flat for Rent,"Battarahalli, Bangalore",Semi Furnished,1200,Family / Bachelor,Available now,29999,2,1.0,1150.0,No,No,3.0,5.0,2,Flat,Battarahalli
3 BHK Villa for Rent,"Anagalapura, Bangalore",Semi Furnished,2500,Family / Company,Available now,70000,3,2.0,1800.0,Yes,Yes,3.0,6.0,3,Villa,Anagalapura
3 BHK Flat for Rent,"Armane Nagar, Bangalore",Semi Furnished,3900,Family / Company,Available now,60000,3,1.0,2960.0,No,Yes,1.0,4.0,3,Flat,Armane Nagar
3.5 BHK Penthouse for Rent,"HSR Layout, Bangalore",Fully Furnished,2200,Family,Available now,130000,4,2.0,1800.0,Yes,No,4.0,4.0,3.5,Penthouse,HSR Layout
2 BHK Flat for Rent,"GB Palya, Bangalore",Semi Furnished,1008,Family,Available now,37033,2,1.0,980.0,Yes,No,2.0,5.0,2,Flat,GB Palya
1 BHK Independent Builder Floor for Rent,"Ejipura, Bangalore",Semi Furnished,750,Family / Bachelor,Available now,21500,1,1.0,700.0,No,No,2.0,5.0,1,Independent Builder Floor,Ejipura
1 BHK Flat for Rent,"Jakkur, Bangalore",Semi Furnished,675,Family / Bachelor,Available now,16000,1,1.0,585.0,Yes,No,3.0,6.0,1,Flat,Jakkur
2 BHK Flat for Rent,"Dasarahalli, Byatarayanapura CMC And OG Part",Semi Furnished,950,Family / Bachelor / Company,Available now,21000,2,1.0,850.0,No,Yes,2.0,4.0,2,Flat,"Dasarahalli, Byatarayanapura CMC And OG Part"
2 BHK Flat for Rent,"R.K. Hegde Nagar, Kothnur Narayanapura",Semi Furnished,950,Family / Bachelor,Available now,20000,2,1.0,800.0,Yes,No,3.0,6.0,2,Flat,"R.K. Hegde Nagar, Kothnur Narayanapura"
3 BHK Villa for Rent,"Anagalapura, Bangalore",Semi Furnished,2490,Family / Company,Available now,71000,3,2.0,1800.0,No,Yes,3.0,6.0,3,Villa,Anagalapura
2 BHK Flat for Rent,"Jakkur, Bangalore",Fully Furnished,1043,Family / Bachelor,Available now,45000,2,1.0,900.0,Yes,Yes,2.0,15.0,2,Flat,Jakkur
2.5 BHK Flat for Rent,"Kannuru, Bangalore",Fully Furnished,1265,Family / Bachelor / Company,"Aug, 2029",50000,2,1.0,850.0,No,Yes,17.0,22.0,2.5,Flat,Kannuru
1 BHK Flat for Rent,"BTM Layout, Bangalore",Fully Furnished,699,Family / Bachelor / Company,Available now,27500,1,1.0,596.0,Yes,Yes,1.0,6.0,1,Flat,BTM Layout
1 BHK Flat for Rent,"R.K. Hegde Nagar, Kothnur Narayanapura",Semi Furnished,685,Family / Bachelor / Company,"Dec, 2025",18000,1,1.0,600.0,No,Yes,1.0,4.0,1,Flat,"R.K. Hegde Nagar, Kothnur Narayanapura"
1 BHK Independent House for Rent,"Mahadevapura, Bangalore",Semi Furnished,700,Family / Bachelor / Company,"Dec, 2025",24000,1,1.0,600.0,No,No,3.0,6.0,1,Independent House,Mahadevapura
1 BHK Flat for Rent,"BTM Layout, Bangalore",Fully Furnished,767,Family / Bachelor / Company,Available now,27500,1,1.0,689.0,Yes,Yes,2.0,6.0,1,Flat,BTM Layout
1 BHK Independent House for Rent,"Mahadevapura, Bangalore",Semi Furnished,700,Family / Bachelor / Company,"Dec, 2025",23500,1,1.0,850.0,No,No,3.0,6.0,1,Independent House,Mahadevapura
2 BHK Independent Builder Floor for Rent,"Ejipura, Bangalore",Fully Furnished,1000,Family / Bachelor,Available now,38000,2,1.0,950.0,No,No,1.0,4.0,2,Independent Builder Floor,Ejipura
4 BHK Flat for Rent,"Thanisandra, Bangalore",Fully Furnished,2259,Family / Bachelor / Company,Available now,150000,4,1.0,1567.0,Yes,Yes,11.0,33.0,4,Flat,Thanisandra
2 BHK Flat for Rent,"Jakkur, Bangalore",Semi Furnished,1080,Family / Bachelor,Available now,24000,2,1.0,950.0,Yes,No,1.0,3.0,2,Flat,Jakkur
2.5 BHK Flat for Rent,"Subramanyapura, Bangalore",Semi Furnished,1357,Family,Available now,40000,2,1.0,1050.0,No,Yes,12.0,18.0,2.5,Flat,Subramanyapura
3 BHK Flat for Rent,"Nagavara, Bangalore",Semi Furnished,2300,Family / Company,Available now,100000,3,1.0,1980.0,No,Yes,4.0,34.0,3,Flat,Nagavara
2 BHK Flat for Rent,"GB Palya, Bangalore",Semi Furnished,980,Family / Bachelor,Available now,50121,2,1.0,901.0,No,No,2.0,5.0,2,Flat,GB Palya
2 BHK Flat for Rent,"GB Palya, Bangalore",Semi Furnished,970,Family / Bachelor,Available now,49121,2,1.0,902.0,Yes,No,2.0,5.0,2,Flat,GB Palya
2 BHK Independent Builder Floor for Rent,"HSR Layout, Bangalore",Semi Furnished,800,Family / Bachelor,Available now,30000,2,1.0,850.0,No,No,2.0,4.0,2,Independent Builder Floor,HSR Layout
2 BHK Flat for Rent,"Jakkur, Bangalore",Semi Furnished,1155,Family / Bachelor,Available now,28000,2,2.0,1050.0,Yes,No,1.0,4.0,2,Flat,Jakkur
2 BHK Flat for Rent,"GB Palya, Bangalore",Semi Furnished,1002,Family / Bachelor,Available now,50000,2,1.0,960.0,No,No,2.0,5.0,2,Flat,GB Palya
2 BHK Flat for Rent,"GB Palya, Bangalore",Semi Furnished,980,Family / Bachelor,Available now,50001,2,1.0,901.0,No,No,2.0,5.0,2,Flat,GB Palya
2 BHK Flat for Rent,"GB Palya, Bangalore",Semi Furnished,1002,Family / Bachelor,Available now,50022,2,1.0,960.0,No,No,2.0,5.0,2,Flat,GB Palya
2 BHK Independent House for Rent,"Chikkanekkundi, Bangalore",Semi Furnished,1010,Family / Bachelor / Company,Available now,15500,2,1.0,1000.0,No,No,3.0,6.0,2,Independent House,Chikkanekkundi
1 BHK Independent Builder Floor for Rent,"Muneshwara Nagar, Bangalore",Semi Furnished,600,Family / Bachelor,Available now,32000,1,1.0,550.0,No,No,4.0,5.0,1,Independent Builder Floor,Muneshwara Nagar
1 BHK Independent Builder Floor for Rent,"Somasundarapalya, Bangalore",Semi Furnished,600,Family / Bachelor / Company,"Dec, 2025",26000,1,1.0,570.0,Yes,No,4.0,5.0,1,Independent Builder Floor,Somasundarapalya
3 BHK Flat for Rent,"Sanjaynagar, Bangalore",Semi Furnished,2200,Family / Company,Available now,75000,3,1.0,2000.0,Yes,No,2.0,4.0,3,Flat,Sanjaynagar
2 BHK Independent Builder Floor for Rent,"JP Nagar, Bangalore",Semi Furnished,850,Family / Bachelor / Company,Available now,25000,2,1.0,800.0,No,No,3.0,6.0,2,Independent Builder Floor,JP Nagar
2 BHK Independent House for Rent,"Mahadevapura, Bangalore",Semi Furnished,1200,Family / Bachelor,Available now,33000,2,1.0,800.0,No,No,3.0,6.0,2,Independent House,Mahadevapura
2 BHK Flat for Rent,"Doddakannelli, Bangalore",Semi Furnished,1250,Family / Bachelor / Company,"Dec, 2025",53000,2,1.0,957.0,Yes,Yes,12.0,18.0,2,Flat,Doddakannelli
2 BHK Flat for Rent,"HBR Layout, Bangalore",Semi Furnished,1100,Family / Bachelor / Company,Available now,25000,2,2.0,1040.0,Yes,No,2.0,4.0,2,Flat,HBR Layout
1 BHK Flat for Rent,"Thanisandra, Bangalore",Semi Furnished,690,Family / Bachelor / Company,Available now,18000,1,1.0,600.0,Yes,No,1.0,4.0,1,Flat,Thanisandra
1 BHK Independent Builder Floor for Rent,"Somasundarapalya, Bangalore",Semi Furnished,550,Family / Bachelor,Available now,25000,1,1.0,500.0,Yes,No,4.0,5.0,1,Independent Builder Floor,Somasundarapalya
1 BHK Independent Builder Floor for Rent,"HSR Layout, Bangalore",Semi Furnished,600,Family,Available now,27000,1,1.0,850.0,Yes,No,4.0,4.0,1,Independent Builder Floor,HSR Layout
3 BHK Flat for Rent,"Sanjaynagar, Bangalore",Semi Furnished,1750,Family / Company,Available now,65000,3,2.0,1600.0,Yes,Yes,2.0,4.0,3,Flat,Sanjaynagar
5 BHK Duplex for Rent,"Virupakshapura, Bangalore",Semi Furnished,3600,Family,Available now,55000,4,3.0,2500.0,No,No,1.0,2.0,5,Duplex,Virupakshapura
2 BHK Flat for Rent,"Hebbal Kempapura, Bangalore",Semi Furnished,1165,Family / Bachelor,Available now,28000,2,1.0,1085.0,Yes,Yes,2.0,5.0,2,Flat,Hebbal Kempapura
1 BHK Flat for Rent,"Thanisandra, Bangalore",Fully Furnished,716,Family / Bachelor / Company,Available now,23000,1,1.0,600.0,Yes,Yes,2.0,4.0,1,Flat,Thanisandra
3 BHK Flat for Rent,"R.K. Hegde Nagar, Bangalore",Semi Furnished,1855,Family / Bachelor / Company,Available now,40000,3,2.0,1710.0,Yes,Yes,3.0,5.0,3,Flat,R.K. Hegde Nagar
1 BHK Flat for Rent,"BTM Layout, Bangalore",Semi Furnished,672,Family / Bachelor / Company,Available now,14000,1,1.0,622.0,Yes,No,2.0,6.0,1,Flat,BTM Layout
1 RK Independent Builder Floor for Rent,"HSR Layout, Bangalore",Semi Furnished,250,Bachelor,Available now,18000,1,1.0,850.0,No,No,3.0,6.0,1,Independent Builder Floor,HSR Layout
1.5 BHK Flat for Rent,"Dasarahalli, Byatarayanapura CMC And OG Part",Semi Furnished,700,Family / Bachelor / Company,Available now,18000,1,1.0,600.0,No,No,2.0,4.0,1.5,Flat,"Dasarahalli, Byatarayanapura CMC And OG Part"
2 BHK Flat for Rent,"Kaval Bairasandra, Bangalore",Semi Furnished,900,Family,Available now,22000,2,1.0,850.0,No,No,4.0,4.0,2,Flat,Kaval Bairasandra
1 BHK Flat for Rent,"Whitefield, Bangalore",Semi Furnished,1200,Family / Bachelor,Available now,30000,2,1.0,1100.0,No,No,1.0,5.0,1,Flat,Whitefield
3 BHK Flat for Rent,"RMV Extension Stage 2, Bangalore",Semi Furnished,2200,Family / Company,Available now,80000,3,2.0,1800.0,Yes,Yes,3.0,4.0,3,Flat,RMV Extension Stage 2
2 BHK Independent House for Rent,"HSR Layout, Bangalore",Semi Furnished,1100,Family / Bachelor,Available now,42000,2,1.0,850.0,No,No,3.0,6.0,2,Independent House,HSR Layout
1 BHK Flat for Rent,"BTM Layout, Bangalore",Semi Furnished,720,Family / Bachelor / Company,Available now,14500,1,1.0,621.0,Yes,No,1.0,6.0,1,Flat,BTM Layout
1 BHK Flat for Rent,"Jakkur, Bangalore",Semi Furnished,600,Family / Bachelor / Company,Available now,17000,1,1.0,550.0,Yes,Yes,3.0,6.0,1,Flat,Jakkur
3 BHK Flat for Rent,"Nagavara, Bangalore",Fully Furnished,2347,Family / Company,Available now,120000,3,1.0,1908.0,No,Yes,24.0,34.0,3,Flat,Nagavara
2 BHK Flat for Rent,"Varthur, Bangalore",Semi Furnished,1190,Family / Bachelor,Available now,32000,2,1.0,1000.0,Yes,Yes,3.0,6.0,2,Flat,Varthur
1 BHK Independent Builder Floor for Rent,"HSR Layout, Bangalore",Fully Furnished,600,Family / Bachelor / Company,Available now,25000,1,1.0,520.0,No,Yes,1.0,5.0,1,Independent Builder Floor,HSR Layout
2 BHK Flat for Rent,"HBR Layout, Bangalore",Semi Furnished,1250,Family / Bachelor,Available now,28000,2,3.0,1125.0,Yes,Yes,3.0,4.0,2,Flat,HBR Layout
3 BHK Flat for Rent,"Sanjaynagar, Bangalore",Semi Furnished,1800,Family / Company,Available now,65000,3,1.0,1750.0,Yes,No,2.0,4.0,3,Flat,Sanjaynagar
1 BHK Flat for Rent,"Jakkur, Bangalore",Fully Furnished,750,Family / Bachelor / Company,Available now,23000,1,1.0,650.0,Yes,Yes,1.0,4.0,1,Flat,Jakkur
2 BHK Flat for Rent,"Jakkur, Bangalore",Semi Furnished,1230,Family,Available now,28000,2,2.0,1125.0,Yes,Yes,2.0,4.0,2,Flat,Jakkur
1 BHK Flat for Rent,"Munnekollal, Bangalore",Semi Furnished,625,Family / Bachelor,Available now,17000,1,1.0,600.0,No,No,2.0,5.0,1,Flat,Munnekollal
1 BHK Independent Builder Floor for Rent,"HSR Layout, Bangalore",Fully Furnished,600,Family / Bachelor / Company,Available now,25600,1,1.0,520.0,No,Yes,1.0,5.0,1,Independent Builder Floor,HSR Layout
3 BHK Flat for Rent,"Nagavara, Bangalore",Fully Furnished,2347,Family / Company,Available now,115000,3,1.0,1980.0,Yes,Yes,24.0,34.0,3,Flat,Nagavara
1 BHK Flat for Rent,"HSR Layout, Bangalore",Semi Furnished,650,Family / Bachelor,Available now,30000,1,1.0,600.0,Yes,No,5.0,5.0,1,Flat,HSR Layout
2 BHK Flat for Rent,"GB Palya, Bangalore",Semi Furnished,1008,Family,Available now,37000,2,1.0,980.0,Yes,No,2.0,5.0,2,Flat,GB Palya
1 BHK Flat for Rent,"Thanisandra, Bangalore",Semi Furnished,600,Family / Bachelor / Company,Available now,18000,1,1.0,500.0,No,Yes,2.0,4.0,1,Flat,Thanisandra
1 BHK Flat for Rent,"Nagavara, Bangalore",Fully Furnished,700,Family / Bachelor / Company,Available now,24000,1,1.0,650.0,Yes,Yes,2.0,5.0,1,Flat,Nagavara
1 BHK Flat for Rent,"R.K. Hegde Nagar, Bangalore",Fully Furnished,610,Family / Bachelor / Company,Available now,21000,1,1.0,550.0,Yes,No,3.0,3.0,1,Flat,R.K. Hegde Nagar
2 BHK Independent Builder Floor for Rent,"HSR Layout, Bangalore",Fully Furnished,1000,Family / Bachelor,"Dec, 2025",54000,2,2.0,900.0,No,No,3.0,5.0,2,Independent Builder Floor,HSR Layout
2 BHK Independent Builder Floor for Rent,"HSR Layout, Bangalore",Semi Furnished,1000,Family / Bachelor,Available now,38000,2,1.0,900.0,No,No,2.0,4.0,2,Independent Builder Floor,HSR Layout
2 BHK Independent Builder Floor for Rent,"HSR Layout, Bangalore",Semi Furnished,1180,Family / Bachelor,"Nov, 2025",45500,2,2.0,850.0,No,No,5.0,6.0,2,Independent Builder Floor,HSR Layout
1 BHK Flat for Rent,"S.G. Palya, Bangalore",Fully Furnished,744,Family / Bachelor / Company,Available now,25000,1,1.0,670.0,Yes,Yes,1.0,6.0,1,Flat,S.G. Palya
2 BHK Flat for Rent,"HBR Layout, Bangalore",Semi Furnished,1400,Family / Company,Available now,35000,2,2.0,1300.0,Yes,Yes,1.0,4.0,2,Flat,HBR Layout
1 BHK Independent Builder Floor for Rent,"HSR Layout, Bangalore",Fully Furnished,700,Family / Bachelor / Company,Available now,35200,1,1.0,610.0,Yes,Yes,4.0,6.0,1,Independent Builder Floor,HSR Layout
4 BHK Flat for Rent,"RMV Extension Stage 2, Bangalore",Semi Furnished,2800,Family / Bachelor / Company,Available now,180000,4,3.0,2750.0,Yes,Yes,5.0,25.0,4,Flat,RMV Extension Stage 2
1 BHK Flat for Rent,"BTM Layout, Bangalore",Semi Furnished,766,Family / Bachelor / Company,Available now,13999,1,1.0,621.0,Yes,No,1.0,6.0,1,Flat,BTM Layout
1 BHK Flat for Rent,"R.K. Hegde Nagar, Bangalore",Semi Furnished,750,Family / Bachelor / Company,Available now,18000,1,2.0,650.0,Yes,Yes,3.0,4.0,1,Flat,R.K. Hegde Nagar
1 BHK Flat for Rent,"S.G. Palya, Bangalore",Fully Furnished,690,Family / Bachelor,Available now,29000,1,1.0,600.0,Yes,Yes,5.0,7.0,1,Flat,S.G. Palya
1 BHK Flat for Rent,"Kannuru, Bangalore",Fully Furnished,1074,Family / Bachelor / Company,Available now,150008,2,1.0,754.0,Yes,Yes,4.0,16.0,1,Flat,Kannuru
4 BHK Flat for Rent,"Jakkur, Bangalore",Semi Furnished,2020,Family / Company,Available now,90000,4,1.0,1980.0,No,Yes,7.0,19.0,4,Flat,Jakkur
3 BHK Independent House for Rent,"Mahadevapura, Bangalore",Semi Furnished,1200,Family / Bachelor,"Dec, 2025",45500,2,1.0,850.0,No,No,3.0,6.0,3,Independent House,Mahadevapura
